1	1.114242096628
268	1.114242096628
269	0.813858984220133
289	0.813858984220133
290	1.08943507010554
308	1.08943507010554
309	1.06495207513944
387	1.06495207513944
388	1.35843933568685
391	1.35843933568685
392	1.23410733876153
415	1.23410733876153
416	1.03738988427722
457	1.03738988427722
458	1.24864235563291
486	1.24864235563291
487	0.891393128105847
496	0.891393128105847
497	0.722635282367264
501	0.722635282367264
502	0.810307954685413
503	0.860702668273007
531	0.860702668273007
532	0.775295574923803
537	0.775295574923803
538	0.917486918631766
555	0.917486918631766
556	0.819701359610917
576	0.819701359610917
577	0.908562115189852
588	0.908562115189852
589	0.705903525165922
608	0.705903525165922
609	0.702471768599935
631	0.702471768599935
632	0.680973372913286
660	0.680973372913286
661	0.639600820391934
677	0.639600820391934
678	0.62138415508889
696	0.62138415508889
697	0.616383995882643
710	0.615922381530254
711	0.548649777083483
732	0.548649777083483
733	0.581774063794001
740	0.581774063794001
741	0.80748494359068
748	0.80748494359068
749	0.884318104916019
750	0.884318104916019
751	0.88926906256529
757	0.88926906256529
758	1.0018944731346
766	1.0018944731346
767	0.958598888137203
775	0.958598888137203
776	0.873808513370022
778	0.873808513370022
779	0.775512860207527
789	0.775512860207527
790	0.753402304922929
808	0.753402304922929
809	0.652498412982823
812	0.652498412982823
813	0.862054032808373
819	0.862054032808373
820	0.620807519302616
874	0.620807519302616
875	0.536770401307876
897	0.536770401307876
898	0.4999671054793
899	0.4999671054793
900	0.608206307970249
904	0.608206307970249
905	0.722601154309814
909	0.722601154309814
910	0.802635667016148
911	0.802635667016148
912	0.792092244410014
915	0.792092244410014
916	0.761824493238237
919	0.761824493238237
920	0.625863124038005
922	0.625863124038005
923	0.611885861791961
924	0.687281667651405
931	0.687281667651405
932	0.510591121528705
970	0.510591121528705
971	0.426919323188486
973	0.426919323188486
974	0.260372469147114
990	0.260372469147114
991	0.461127689028217
995	0.461127689028217
996	0.629906874761218
997	0.890226609728415
1003	0.890226609728415
1004	1.01324302766079
1019	1.01324302766079
1020	1.09424208321434
1033	1.09424208321434
1034	0.868531256932329
1042	0.868531256932329
1043	0.970951674429671
1047	0.970951674429671
1048	1.06901201761866
1055	1.06901201761866
1056	1.12205844880737
1057	1.07351078986903
1058	1.07351078986903
1059	1.0055962854567
1074	1.0055962854567
1075	1.09915309482676
1087	1.09915309482676
1088	1.15793586750442
1093	1.15702087532554
1094	1.09120640885885
1096	1.09120640885885
1097	1.18695299889805
1107	1.18695299889805
1108	1.34643064198826
1109	1.36506631761222
1112	1.36506631761222
1113	1.34682270186022
1124	1.34682270186022
1125	1.27902960146093
1128	1.27902960146093
1129	1.32102236195715
1132	1.32102236195715
1133	1.36581616532931
1139	1.36581616532931
1140	1.37485516231027
1144	1.37485516231027
1145	1.36473273155207
1146	1.4809300904235
1147	1.41781219635232
1152	1.41781219635232
1153	1.61778966867132
1158	1.61778966867132
1159	1.78025771682587
1160	1.78025771682587
1161	1.74286523001501
1164	1.74286523001501
1165	1.74869804584887
1169	1.74869804584887
1170	1.71010723749714
1183	1.71010723749714
1184	1.66713860327945
1188	1.66713860327945
1189	1.60800583666787
1190	1.59233119332202
1191	1.59233119332202
1192	1.58176032332631
1207	1.58176032332631
1208	1.44127876537823
1209	1.44127876537823
1210	1.41287588209161
1213	1.41287588209161
1214	1.48844377968271
1215	1.46396033592464
1217	1.46396033592464
1218	1.49182053357436
1219	1.49182053357436
1220	1.54068312832533
1222	1.54068312832533
1223	1.50010746835687
1224	1.73017384716877
1225	1.5780251853721
1226	1.55859466635593
1227	1.55859466635593
1228	1.52392191172476
1233	1.52392191172476
1234	1.52611812143004
1241	1.52611812143004
1242	1.60136792414778
1247	1.60136792414778
1248	1.46140294026554
1249	1.46140294026554
1250	1.36299139984112
1251	1.37638397225237
1256	1.37638397225237
1257	1.36308614854715
1260	1.36308614854715
1261	1.38743290712591
1262	1.38743290712591
1263	1.40918143659292
1281	1.40918143659292
1282	1.36794569467747
1283	1.36794569467747
1284	1.3250715489994
1285	1.43140475660039
1287	1.43140475660039
1288	1.30003580346965
1289	1.30003580346965
1290	1.27807694429794
1292	1.27807694429794
1293	1.38206406168683
1305	1.38206406168683
1306	1.37389752538729
1308	1.37389752538729
1309	1.22370497271186
1310	1.30133885171017
1312	1.30133885171017
1313	1.36203625296184
1317	1.36203625296184
1318	1.56285139864485
1321	1.56285139864485
1322	1.68435476778905
1324	1.68435476778905
1325	1.69290618452578
1331	1.69290618452578
1332	1.54020700084584
1334	1.54020700084584
1335	1.48939677102317
1344	1.48939677102317
1345	1.57178574261707
1349	1.57178574261707
1350	1.53174922177277
1354	1.53174922177277
1355	1.61514781861115
1357	1.61514781861115
1358	1.62926218063149
1362	1.62926218063149
1363	1.45143536833712
1365	1.45143536833712
1366	1.40196441838998
1371	1.40196441838998
1372	1.45635886584569
1373	1.52352765902833
1384	1.52352765902833
1385	1.71834995144309
1386	1.88376764288114
1387	1.88376764288114
1388	2.02973753535844
1394	2.02973753535844
1395	2.03365709759601
1396	1.96096136643246
1405	1.96096136643246
1406	1.94927854618436
1415	1.94927854618436
1416	1.94311334517624
1418	1.94311334517624
1419	1.95136508990254
1420	1.9075336412825
1421	1.8059870588113
1422	1.8059870588113
1423	1.67040405724765
1424	1.57278555204539
1433	1.57278555204539
1434	1.47018966821997
1435	1.47018966821997
1436	1.35832399259016
1438	1.35832399259016
1439	1.48983753800712
1452	1.48983753800712
1453	1.4666824796077
1459	1.4666824796077
1460	1.61290903549525
1462	1.61290903549525
1463	1.57161088344947
1490	1.57161088344947
1491	1.63325733284728
1492	1.73705208880347
1501	1.73705208880347
1502	1.65685888045118
1504	1.65685888045118
1505	1.6803689392691
1506	1.69563661404754
1517	1.69563661404754
1518	1.76778324539919
1523	1.76778324539919
1524	1.9437349666041
1528	1.9437349666041
1529	2.04789179275031
1532	2.04789179275031
1533	2.07856935514792
1535	2.07856935514792
1536	2.09957357880558
1538	2.09957357880558
1539	2.00237193146313
1540	2.00237193146313
1541	1.77050238081938
1543	1.77050238081938
1544	1.75485700761419
1559	1.75485700761419
1560	1.78255398679903
1562	1.78255398679903
1563	1.68045860311031
1564	1.81551596337158
1567	1.81551596337158
1568	1.82770007430372
1570	1.82770007430372
1571	1.79011635193092
1572	1.79011635193092
1573	1.72544966526402
1577	1.72544966526402
1578	1.69050747012079
1581	1.69050747012079
1582	1.79932397034645
1590	1.79932397034645
1591	1.86147088205689
1595	1.86147088205689
1596	1.89841623545362
1597	1.89841623545362
1598	1.74843923407389
1606	1.74843923407389
1607	1.68324539227251
1608	1.68324539227251
1609	1.59455376626283
1613	1.59455376626283
1614	1.56233946728025
1622	1.56233946728025
1623	1.57876809237132
1625	1.57876809237132
1626	1.61385650201919
1627	1.5399219434039
1628	1.48969596684037
1639	1.48969596684037
1640	1.47885150552247
1644	1.47885150552247
1645	1.46409158456663
1646	1.46409158456663
1647	1.43389386601848
1665	1.43389386601848
1666	1.43862381194049
1712	1.43862381194049
1713	1.42480214004172
1714	1.42480214004172
1715	1.35742387286155
1716	1.35742387286155
1717	1.40364049483105
1725	1.40364049483105
1726	1.29417019119137
1727	1.32460331741822
1743	1.32460331741822
1744	1.31288208164187
1745	1.31288208164187
1746	1.3975920085868
1749	1.3975920085868
1750	1.42292125060703
1752	1.42292125060703
1753	1.57803265709299
1754	1.63787981833593
1755	1.59331864671549
1760	1.59331864671549
1761	1.64501126380128
1766	1.64501126380128
1767	1.63368592131155
1768	1.63368592131155
1769	1.7175127480732
1773	1.7175127480732
1774	1.77699222285082
1796	1.77699222285082
1797	1.88749964917952
1798	1.88749964917952
1799	2.00277384989386
1800	2.03378397147389
1801	2.04572355731943
1805	2.04572355731943
1806	1.98312355271992
1808	1.98312355271992
1809	1.92304100059482
1810	1.91391290548199
1811	1.99388400548924
1813	2.02662963116381
1814	2.02662963116381
1815	1.96740353064524
1824	1.96740353064524
1825	1.95632641592965
1827	1.95632641592965
1828	1.99134686995603
1830	1.99134686995603
1831	1.85885375618818
1832	1.70999413834943
1833	1.75852856172787
1846	1.75852856172787
1847	1.68365734724284
1849	1.68365734724284
1850	1.69729857345737
1851	1.69729857345737
1852	1.86888826621725
1854	1.86888826621725
1855	1.83067008175931
1856	1.90732773313357
1857	1.90732773313357
1858	1.77061018672975
1865	1.77061018672975
1866	1.7527425319895
1869	1.7527425319895
1870	1.66702676068599
1871	1.6875466235324
1872	1.6875466235324
1873	1.74993314216408
1875	1.74993314216408
1876	1.72485103533108
1878	1.72485103533108
1879	1.7749105132134
1884	1.7749105132134
1885	1.83425259294017
1886	1.8670713531028
1895	1.86778098267678
1896	2.01636928240259
1897	2.01636928240259
1898	2.0049699525116
1899	2.0049699525116
1900	1.83055998236159
1902	1.83055998236159
1903	1.82280424287455
1904	1.80883727495893
1905	1.75475852907766
1920	1.75434440888057
1921	1.92383514909307
1923	1.92383514909307
1924	1.93426606127832
1925	1.96008618510677
1926	1.93363044094804
1927	1.89130207156268
1928	1.89130207156268
1929	1.86106020834995
1930	1.86106020834995
1931	1.80610268593227
1932	1.80610268593227
1933	1.79619366483894
1937	1.79553657072029
1938	1.72892655239411
1939	1.72892655239411
1940	1.72166074634151
1941	1.64682329559582
1954	1.64682329559582
1955	1.59177911605366
1956	1.59177911605366
1957	1.48039109941601
1958	1.48039109941601
1959	1.40202381052586
1971	1.40202381052586
1972	1.38892482178926
1973	1.42403187827949
1976	1.42403187827949
1977	1.58750936406432
1978	1.53529536676069
1979	1.53529536676069
1980	1.32000341123057
1981	1.32000341123057
1982	1.18923197843833
1984	1.18923197843833
1985	1.22759369355845
1992	1.22759369355845
1993	1.69586354486819
1995	1.69586354486819
1996	1.70054972818252
1997	1.70054972818252
1998	1.72241022131857
2000	1.72241022131857
2001	1.6728433008393
2006	1.6728433008393
2007	1.6411132114481
2009	1.6411132114481
2010	1.63305516687979
2015	1.63305516687979
2016	1.68176409207808
2017	1.68176409207808
2018	1.62207862180003
2024	1.62207862180003
2025	1.57627390831112
2026	1.47503163240253
2028	1.47503163240253
2029	1.54164776098696
2031	1.54164776098696
2032	1.49796591045742
2033	1.49796591045742
2034	1.46520923519347
2040	1.46520923519347
2041	1.48289513199052
2043	1.48289513199052
2044	1.52048153907162
2049	1.52048153907162
2050	1.44619034960124
2052	1.44619034960124
2053	1.39340174716563
2055	1.39340174716563
2056	1.49416360038595
2057	1.39868325594944
2058	1.40582210185312
2059	1.42283533507361
2060	1.53868631595105
2066	1.53868631595105
2067	1.56444037419715
2068	1.49720201577657
2069	1.50830525184938
2070	1.50830525184938
2071	1.38777939450301
2081	1.38777939450301
2082	1.48514159265687
2083	1.48514159265687
2084	1.45223508729032
2086	1.45223508729032
2087	1.45996074085633
2089	1.45996074085633
2090	1.43428092285467
2097	1.43428092285467
2098	1.41942716535777
2099	1.41942716535777
2100	1.4049584403765
2104	1.4049584403765
2105	1.37640938787808
2113	1.37640938787808
2114	1.41686659833795
2115	1.41640925656247
2116	1.50097525702949
2121	1.50097525702949
2122	1.59956122743824
2123	1.55678271816578
2124	1.72701237190631
2125	1.81325791751442
2126	1.81325791751442
2127	1.70688530987536
2129	1.70688530987536
2130	1.86924802093927
2132	1.86924802093927
2133	2.02006560806694
2135	2.02006560806694
2136	1.97266554515954
2137	2.1504819536749
2138	2.1504819536749
2139	2.26549959648037
2143	2.26549959648037
2144	2.37317978924693
2148	2.37317978924693
2149	2.40307759918142
2150	2.40307759918142
2151	2.44627295991813
2152	2.44627295991813
2153	2.35106699542666
2161	2.35106699542666
2162	2.37197466256475
2163	2.36272111115613
2164	2.36272111115613
2165	2.31893564638085
2166	2.31893564638085
2167	2.3074219858463
2168	2.3074219858463
2169	2.25995268042607
2171	2.25995268042607
2172	2.06453754676841
2174	2.06453754676841
2175	2.17174383111706
2176	2.04034334772223
2177	2.04034334772223
2178	1.99028629974782
2182	1.99028629974782
2183	1.97041671836269
2188	1.97041671836269
2189	1.79191939735028
2190	1.77745090291864
2193	1.77745090291864
2194	1.80314756387452
2195	1.80314756387452
2196	1.77739035733612
2197	1.82370063849157
2198	1.9483162284123
2206	1.9483162284123
2207	1.80924352801594
2208	1.85448115818508
2209	1.83049143071912
2210	1.83049143071912
2211	1.74386663406403
2212	1.72074290418823
2213	1.70132543164073
2215	1.70132543164073
2216	1.71639809171756
2217	1.71639809171756
2218	1.88822586772585
2220	1.88822586772585
2221	1.97249753159122
2224	1.97249753159122
2225	1.96414732863195
2227	1.96295470946279
2228	1.93635067949799
2229	2.06641082777787
2230	2.06641082777787
2231	2.11239789162937
2234	2.11239789162937
2235	2.1425703082823
2237	2.1425703082823
2238	2.10148966863562
2239	2.16628130480603
2245	2.1673679065243
2246	2.07742842229345
2247	2.07742842229345
2248	2.04645537823308
2257	2.04645537823308
2258	2.22007204208785
2259	2.14868030232901
2267	2.14868030232901
2268	2.0954124752825
2269	2.21151356980408
2271	2.21151356980408
2272	2.27241310000318
2275	2.27241310000318
2276	2.36182019472108
2277	2.31678601851672
2280	2.31678601851672
2281	2.29449790585932
2286	2.29449790585932
2287	2.20515721669653
2289	2.20515721669653
2290	2.22386122015814
2291	2.14702579407822
2292	2.1959808147476
2299	2.1959808147476
2300	2.3226802512836
2301	2.37539472076605
2302	2.37539472076605
2303	2.36484286858467
2304	2.46513923315433
2305	2.34806727116666
2306	2.23912098435903
2307	2.18910842021069
2308	1.12131461075842
2309	0.998194472853356
2310	0.835116260070208
2311	0.805705108967231
2319	0.805705108967231
2320	0.829077822891122
2321	0.829077822891122
2322	0.798681011609006
2332	0.798681011609006
2333	0.936694381271082
2334	0.936694381271082
2335	0.933873078607576
2336	0.893999727049959
2337	0.97722014808096
2339	0.97722014808096
2340	0.990081865133106
2345	0.990081865133106
2346	1.04139308022422
2347	1.04139308022422
2348	1.07816939452096
2349	1.07816939452096
2350	1.13448862498626
2360	1.13448862498626
2361	1.14790524356067
2362	1.14790524356067
2363	1.08722029366254
2364	1.08722029366254
2365	1.15998142388707
2366	1.25482051957079
2368	1.25482051957079
2369	1.30020396097461
2370	1.30020396097461
2371	1.32458560021769
2372	1.36665832341896
2373	1.36665832341896
2374	1.30253271058245
2378	1.30253271058245
2379	1.36479002377746
2380	1.36479002377746
2381	1.40779777929856
2383	1.40779777929856
2384	1.39660539255055
2386	1.39660539255055
2387	1.30385008727171
2388	1.24190050532343
2389	1.19138231798206
2390	1.19138231798206
2391	1.21310337106479
2397	1.21310337106479
2398	1.29035072511397
2399	1.29035072511397
2400	1.36310556951139
2401	1.35458757093511
2404	1.35458757093511
2405	1.2375539138302
2412	1.2375539138302
2413	1.24843962769592
2414	1.24843962769592
2415	1.2818236109124
2416	1.2818236109124
2417	1.19796393193246
2418	1.16412922104428
2419	1.3368138825972
2420	1.29081400193172
2421	1.29081400193172
2422	1.34097709951311
2427	1.34097709951311
2428	1.33001344075819
2429	1.38181889689076
2430	1.43842883214529
2431	1.40220406080698
2432	1.49236980641217
2433	1.49236980641217
2434	1.52800909573125
2435	1.52800909573125
2436	1.61186908925447
2437	1.51724641269902
2442	1.51754420225916
2443	1.49739009351833
2444	1.68675311514744
2445	1.49459890794606
2446	1.37705681390798
2450	1.37705681390798
2451	1.2776198877873
2452	1.2776198877873
2453	1.36329831783223
2457	1.36329831783223
2458	1.33758111088173
2459	1.38212257976193
2460	1.38898111343951
2461	1.38898111343951
2462	1.27788787109603
2465	1.27788787109603
2466	1.2980878368362
2467	1.2980878368362
2468	1.23244194729705
2469	1.20259549412003
2472	1.20259549412003
2473	1.26125955861062
2475	1.26125955861062
2476	1.24281878285183
2477	1.24977040019803
2478	1.24977040019803
2479	1.20112556023741
2480	1.26678167605132
2483	1.26678167605132
2484	1.27915372340431
2485	1.19524578445271
2487	1.19524578445271
2488	1.03726682301567
2491	1.03726682301567
2492	1.05920275344033
2494	1.05920275344033
2495	1.07608428654567
2498	1.07608428654567
2499	1.09097620893954
2502	1.09097620893954
2503	1.06413803074247
2504	1.06413803074247
2505	1.0585763751078
2510	1.0585763751078
2511	1.11754123800347
2513	1.11754123800347
2514	1.1982066473247
2517	1.1982066473247
2518	1.17546664578549
2525	1.17546664578549
2526	1.11795158855602
2530	1.11795158855602
2531	1.06124396144514
2532	1.06124396144514
2533	1.14584866951191
2535	1.14584866951191
2536	1.05947025424393
2544	1.05947025424393
2545	1.0708805629838
2546	1.0708805629838
2547	1.08170959937706
2549	1.08170959937706
2550	1.1286035281737
2554	1.1286035281737
2555	1.09858473838176
2556	0.999084869701619
2557	0.962596725043113
2559	0.962596725043113
2560	0.956923503945291
2564	0.956923503945291
2565	0.936104653981602
2573	0.936104653981602
2574	0.897200004092156
2578	0.897200004092156
2579	0.838808940563467
2581	0.838808940563467
2582	0.897237159479118
2595	0.897237159479118
2596	0.765409580755659
2604	0.765409580755659
2605	0.694973407033103
2606	0.627468363927619
2620	0.627468363927619
2621	0.606947845015384
2622	0.606947845015384
2623	0.574381108635862
2624	0.574381108635862
2625	0.526801717853232
2626	0.583616328080097
2633	0.583616328080097
2634	0.565558545949898
2640	0.565558545949898
2641	0.640814497484826
2642	0.640814497484826
2643	0.684098605295731
2644	0.611831276357407
2645	0.623955040271539
2648	0.623955040271539
2649	0.637257865881111
2655	0.637257865881111
2656	0.790917857484601
2657	0.908856447134895
2659	0.908856447134895
2660	0.871898741712357
2661	0.871898741712357
2662	0.76365000376245
2666	0.76365000376245
2667	0.686079516919563
2668	0.735016952865408
2693	0.735016952865408
2694	0.818013201416761
2696	0.818013201416761
2697	0.959549309594877
2698	1.00518237037249
2699	1.00518237037249
2700	0.928423111425218
2703	0.927752867006348
2715	0.927752867006348
2716	0.915798643589369
2724	0.915798643589369
2725	0.990738395445078
2726	0.860581835993798
2731	0.860581835993798
2732	0.978102985074656
2733	1.0367312465678
2734	1.18310037073388
2736	1.18310037073388
2737	1.08019405053346
2738	1.19212378492739
2739	1.3214644895088
2740	1.37159204060299
2741	1.33294256124645
2742	1.42033943485148
2743	1.42033943485148
2744	1.53688421280458
2745	1.53688421280458
2746	1.45068182077011
2747	1.45068182077011
2748	1.39759726834382
2749	1.51065661504254
2750	1.53043749968492
2751	1.53043749968492
2752	1.45764611499544
2755	1.45764611499544
2756	1.55633505156948
2758	1.55633505156948
2759	1.59116136528246
2760	1.59116136528246
2761	1.57846021137084
2762	1.60676655560383
2776	1.60676655560383
2777	1.68211772678842
2781	1.68211772678842
2782	1.59646556868029
2783	1.59646556868029
2784	1.7334748645917
2785	1.70775152178612
2786	1.70775152178612
2787	1.57320734218229
2788	1.52149897023628
2789	1.52149897023628
2790	1.4737459780481
2791	1.53394314940306
2798	1.53394314940306
2799	1.38436064613779
2802	1.38436064613779
2803	1.4101353801052
2807	1.4101353801052
2808	1.3889315732813
2809	1.36137166431581
2810	1.37485568875127
2811	1.3286291957811
2812	1.34976698560058
2816	1.34976698560058
2817	1.24503980006193
2818	1.28195433727524
2820	1.28195433727524
2821	1.38332887709475
2832	1.38332887709475
2833	1.3347853062478
2840	1.3347853062478
2841	1.40290681793704
2850	1.40290681793704
2851	1.42471430965816
2858	1.42471430965816
2859	1.46035963983741
2862	1.46035963983741
2863	1.44956543949593
2864	1.53305840888061
2884	1.53305840888061
2885	1.45107158758401
2893	1.45107158758401
2894	1.42198630716666
2902	1.42198630716666
2903	1.4078115379416
2904	1.38598660062053
2905	1.41998359877107
2906	1.41998359877107
2907	1.37041143761599
2913	1.37041143761599
2914	1.41941421150841
2915	1.41941421150841
2916	1.55514463663349
2924	1.55514463663349
2925	1.61523591873265
2935	1.61551644333304
2936	1.60025993292948
2944	1.60005776398248
2945	1.69698210370188
2946	1.69698210370188
2947	1.67995555477319
2950	1.67995555477319
2951	1.78104796597108
2952	1.71942849807238
2956	1.71942849807238
2957	1.73701791120038
2962	1.73701791120038
2963	1.72926139738411
2966	1.72926139738411
2967	1.75210707254882
2968	1.75210707254882
2969	1.83113048037558
2973	1.83113048037558
2974	1.81660792096591
2975	1.76910958748704
2976	1.79419025283278
2977	1.79419025283278
2978	1.8685260822931
2987	1.86800037805733
2988	1.8108567006384
2994	1.8108567006384
2995	1.82460832049037
2996	1.88551144615485
3004	1.88551144615485
3005	1.73434851376805
3010	1.73434851376805
3011	1.79692150139817
3015	1.79692150139817
3016	1.69135260470284
3017	1.69135260470284
3018	1.69781382616566
3030	1.69781382616566
3031	1.66217979475186
3035	1.66217979475186
3036	1.65408900421971
3038	1.65408900421971
3039	1.72064392926768
3045	1.72064392926768
3046	1.70346637259718
3047	1.70346637259718
3048	1.65400523691278
3050	1.65400523691278
3051	1.66071473170814
3052	1.66071473170814
3053	1.76476094744066
3055	1.76476094744066
3056	1.78995573266366
3058	1.78995573266366
3059	1.7495856518799
3066	1.7495856518799
3067	1.7004560144378
3070	1.7004560144378
3071	1.83378927443482
3077	1.83369160791335
3078	1.87902722874423
3079	1.94297478122826
3080	1.94297478122826
3081	1.87092549130466
3082	1.81073209551323
3083	1.81073209551323
3084	1.76615758085245
3085	1.73821751202559
3087	1.73821751202559
3088	1.79646153334033
3089	1.7419829536193
3096	1.7419829536193
3097	1.88997494320574
3100	1.88997494320574
3101	1.85528504428657
3104	1.85528504428657
3105	1.89044775904404
3106	1.85953582816364
3111	1.85953582816364
3112	1.77723427808087
3114	1.77723427808087
3115	1.74288389391222
3116	1.74348908503816
3117	1.79688143211024
3118	1.90695548181975
3127	1.90695548181975
3128	1.91542294821193
3131	1.91542294821193
3132	2.08880276721538
3134	2.08880276721538
3135	1.92783214724113
3136	1.84062651963905
3139	1.84062651963905
3140	1.88087784601157
3142	1.88087784601157
3143	1.80591586633454
3144	1.80591586633454
3145	1.74311573231171
3149	1.74311573231171
3150	1.70083406487902
3151	1.70083406487902
3152	1.7531563853554
3157	1.7531563853554
3158	1.64301981329118
3163	1.64301981329118
3164	1.54759691717118
3177	1.54759691717118
3178	1.54172182064576
3180	1.54172182064576
3181	1.58031163454871
3184	1.58031163454871
3185	1.58444897430672
3186	1.58444897430672
3187	1.63778734532752
3188	1.63778734532752
3189	1.66819119547654
3190	1.66819119547654
3191	1.76740461272129
3193	1.76740461272129
3194	1.68498718956471
3195	1.68498718956471
3196	1.58936553317108
3199	1.58936553317108
3200	1.70391249786917
3204	1.70339337112455
3205	1.83324916921629
3208	1.83324916921629
3209	1.77412139826993
3210	1.67363277378172
3211	1.77169918244181
3212	1.66449053080214
3214	1.66449053080214
3215	1.57974574176478
3216	1.57974574176478
3217	1.59256860572714
3218	1.59256860572714
3219	1.55275332665769
3220	1.57770809481372
3222	1.57770809481372
3223	1.54961247913889
3226	1.54961247913889
3227	1.53285462746135
3228	1.64558341181328
3229	1.59042123952531
3230	1.5989297055421
3235	1.5989297055421
3236	1.63820064354513
3237	1.63820064354513
3238	1.58617798503838
3243	1.58484405175477
3244	1.48739075610501
3245	1.48739075610501
3246	1.4469804172295
3247	1.4469804172295
3248	1.26974751919261
3250	1.26974751919261
3251	1.11934054316953
3252	1.11934054316953
3253	1.06871878620223
3258	1.06871878620223
3259	1.13658635054162
3263	1.13658635054162
3264	1.10956928219821
3267	1.10956928219821
3268	1.13144277534593
3269	1.13144277534593
3270	1.19735095129363
3271	1.34418768743853
3272	1.42849730100352
3273	1.3557773780667
3275	1.3557773780667
3276	1.25778743657793
3277	1.3291756899016
3278	1.36646866235606
3281	1.36646866235606
3282	1.38779601583883
3283	1.34729991372296
3284	1.39318082183308
3287	1.39318082183308
3288	1.36380780390027
3291	1.36380780390027
3292	1.36622565226207
3297	1.36622565226207
3298	1.38251715484512
3299	1.38251715484512
3300	1.5149382131749
3301	1.5149382131749
3302	1.60391979583073
3303	1.60391979583073
3304	1.6373183323667
3305	1.67763879604172
3307	1.67763879604172
3308	1.65967714353974
3309	1.65967714353974
3310	1.69896715203504
3311	1.69896715203504
3312	1.77421713000876
3317	1.77421713000876
3318	1.70145036635586
3319	1.80158673019832
3321	1.80158673019832
3322	1.8243107721355
3324	1.8243107721355
3325	1.72890647013992
3326	1.68848396693647
3327	1.68848396693647
3328	1.77967400963462
3329	1.73346711789054
3331	1.73346711789054
3332	1.89077563828323
3337	1.89077563828323
3338	1.92010934213249
3339	1.97425965613729
3347	1.97425965613729
3348	2.02517350492781
3352	2.02517350492781
3353	1.9266288503095
3355	1.9266288503095
3356	1.79861073579377
3357	1.79861073579377
3358	1.74909809926976
3361	1.74909809926976
3362	1.73377506278121
3364	1.73377506278121
3365	1.76028736546868
3367	1.76028736546868
3368	1.80080683272536
3369	1.80080683272536
3370	1.82913471000575
3371	1.82913471000575
3372	1.86298859211456
3374	1.86298859211456
3375	1.81822164052573
3376	1.81169730655893
3377	1.81169730655893
3378	1.92452827470333
3379	1.92452827470333
3380	1.98039636948306
3382	1.98039636948306
3383	2.03402910013392
3384	2.03402910013392
3385	1.96687444207782
3386	1.96687444207782
3387	1.95517546286646
3388	1.95517546286646
3389	1.97961730683528
3390	2.02996852887736
3394	2.02996852887736
3395	1.9865009990026
3400	1.9865009990026
3401	2.03205865596829
3402	2.03685246916939
3403	1.87446441456268
3404	1.95639033589759
3405	1.95388806238407
3406	1.88167483477446
3409	1.88167483477446
3410	1.92818928876295
3416	1.92818928876295
3417	1.88567095563485
3418	1.88567095563485
3419	1.92740011289425
3422	1.92740011289425
3423	1.94277724147832
3427	1.94277724147832
3428	1.92996955492708
3432	1.92996955492708
3433	1.9344383429052
3434	1.9344383429052
3435	2.00828610259123
3441	2.00828610259123
3442	2.00503733720325
3443	1.98727816772225
3452	1.98727816772225
3453	1.93502520263064
3454	1.93502520263064
3455	1.88924705574755
3456	1.88924705574755
3457	1.8848863210369
3460	1.8848863210369
3461	1.89415794834713
3464	1.89415794834713
3465	1.9567766779619
3466	1.9567766779619
3467	1.99874034274035
3471	1.99874034274035
3472	1.95686370591648
3473	1.95686370591648
3474	1.91092355835644
3475	1.95733465070589
3476	1.91518468423601
3477	1.79053919748185
3478	1.74776647380713
3479	1.67567747787325
3480	1.67567747787325
3481	1.70623130505555
3483	1.70623130505555
3484	1.65075236073244
3488	1.65075236073244
3489	1.53603495332209
3492	1.53603495332209
3493	1.52932650531147
3507	1.52932650531147
3508	1.56741389274976
3509	1.56093018308093
3510	1.56975321166829
3514	1.56975321166829
3515	1.68062936494607
3516	1.68062936494607
3517	1.5872559896743
3518	1.51057970919283
3519	1.45929647232333
3520	1.39923746327986
3522	1.40057907776645
3523	1.52550784687628
3524	1.37877712873524
3525	1.56104464017335
3526	1.46030036442608
3527	1.41079334371898
3533	1.41079334371898
3534	1.45024241523788
3535	1.37950756499049
3542	1.37950756499049
3543	1.35937535002085
3544	1.33519424088445
3546	1.33519424088445
3547	1.35097441530525
3548	1.35097441530525
3549	1.3482275510105
3550	1.32357457632679
3556	1.32357457632679
3557	1.41896043824454
3558	1.3810653201399
3570	1.3810653201399
3571	1.47568163165124
3572	1.47039249972295
3577	1.47039249972295
3578	1.4345211841719
3579	1.38163577225714
3580	1.36204822444415
3583	1.36204822444415
3584	1.42379172963774
3586	1.42379172963774
3587	1.44577066121929
3589	1.44577066121929
3590	1.40444396494058
3591	1.44353996470818
3599	1.44353996470818
3600	1.5239093190612
3601	1.49636621878381
3603	1.49636621878381
3604	1.41217430228062
3605	1.40003019747382
3606	1.34486827396177
3610	1.34486827396177
3611	1.24139095791179
3613	1.24139095791179
3614	1.15150489435837
3615	1.15150489435837
3616	1.11119284220695
3617	1.11119284220695
3618	1.10662851250891
3619	1.10662851250891
3620	0.995498166714242
3621	1.09301530144512
3624	1.09301530144512
3625	1.11471243123378
3626	1.15036712699293
3627	1.15036712699293
3628	1.08842613446905
3629	1.07449884169182
3630	1.13071769929957
3631	1.13071769929957
3632	1.05725295963566
3633	1.05725295963566
3634	0.993346216342616
3635	1.00279367152325
3636	1.06697742781398
3637	1.03943193069426
3638	0.975342253626877
3639	1.05508154971903
3640	1.10388187604985
3643	1.10388187604985
3644	1.18162129752091
3652	1.18158923008377
3653	1.11120609223872
3658	1.11120609223872
3659	1.18935301780584
3662	1.18935301780584
3663	1.22492234275705
3664	1.22492234275705
3665	1.18750138517862
3666	1.2484901114185
3668	1.2484901114185
3669	1.14970744645325
3670	1.22895502906249
3673	1.22895502906249
3674	1.31887584543438
3678	1.31887584543438
3679	1.35922288704751
3685	1.35922288704751
3686	1.2348609017281
3687	1.226774474173
3688	1.28777044795424
3702	1.28777044795424
3703	1.25476105498819
3704	1.20056668275356
3708	1.20056668275356
3709	1.09901924669975
3710	1.11444699197455
3711	1.11444699197455
3712	1.20242655692346
3713	1.20242655692346
3714	1.31209788357955
3718	1.31209788357955
3719	1.24704430425118
3723	1.24704430425118
3724	1.28852337943317
3725	1.28852337943317
3726	1.25660819894256
3728	1.25660819894256
3729	1.28732724728616
3730	1.28732724728616
3731	1.36181718674925
3734	1.36181718674925
3735	1.295679496503
3737	1.295679496503
3738	1.2737401652339
3739	1.26131192768662
3743	1.26131192768662
3744	1.30655543511966
3745	1.31933384955482
3746	1.32989464097409
3747	1.32989464097409
3748	1.38686877615328
3749	1.41799178534347
3750	1.41799178534347
3751	1.40577302385282
3755	1.40577302385282
3756	1.36409245538744
3757	1.36409245538744
3758	1.38960703485645
3762	1.38960703485645
3763	1.48274474272694
3768	1.48274474272694
3769	1.54366378200575
3770	1.54366378200575
3771	1.53068225186507
3780	1.53068225186507
3781	1.42544146042928
3783	1.42544146042928
3784	1.31355194183197
3786	1.31355194183197
3787	1.32270889149368
3788	1.32270889149368
3789	1.17932456357812
3790	1.17932456357812
3791	1.17351742364554
3792	1.1098733156432
3793	1.02634882434359
3798	1.02634882434359
3799	1.13998222819646
3800	1.15993004725533
3801	1.15993004725533
3802	1.18133683945052
3803	1.18133683945052
3804	1.29354908857931
3808	1.29354908857931
3809	1.28168933714915
3814	1.28167540834693
3815	1.29529248147446
3818	1.29529248147446
3819	1.18065915734769
3820	1.12750625755871
3821	1.18193780477304
3822	1.25977884948225
3823	1.25443281954722
3824	1.24452711983031
3825	1.20275008284079
3827	1.20275008284079
3828	1.32474988163449
3829	1.40566673058493
3835	1.40566673058493
3836	1.39063824022742
3837	1.4150411195842
3839	1.4150411195842
3840	1.34354469021855
3841	1.34354469021855
3842	1.30110107663131
3843	1.45046768024258
3847	1.45046768024258
3848	1.41181760616382
3852	1.41181760616382
3853	1.48079591952046
3854	1.45070000419219
3857	1.45070000419219
3858	1.56264752980496
3859	1.56658490965128
3863	1.56658490965128
3864	1.69502561792979
3865	1.72321401294903
3869	1.72321401294903
3870	1.65829426864002
3871	1.65829426864002
3872	1.70148797975344
3873	1.64184585577823
3874	1.64184585577823
3875	1.68231529783952
3876	1.61774604030143
3877	1.61774604030143
3878	1.5714750698171
3880	1.5714750698171
3881	1.49602646873245
3882	1.49602646873245
3883	1.45758253924578
3884	1.45758253924578
3885	1.46731868101051
3887	1.46731868101051
3888	1.3192251906512
3890	1.3192251906512
3891	1.42461551036467
3892	1.36739538847178
3901	1.36739538847178
3902	1.35872068325989
3906	1.35872068325989
3907	1.46717544925923
3914	1.46717544925923
3915	1.52492728186189
3916	1.52492728186189
3917	1.60639480844111
3922	1.60639480844111
3923	1.5645709209748
3928	1.5645709209748
3929	1.53722081839078
3930	1.54301385604776
3931	1.5577386327459
3932	1.7355817075877
3934	1.7355817075877
3935	1.68123754545377
3942	1.68123754545377
3943	1.63447429065855
3945	1.63447429065855
3946	0.909980557604285
3947	0.871405608515488
3948	1.00670600539524
3954	1.00670600539524
3955	1.08285548875938
3957	1.08285548875938
3958	1.20594817182791
3959	1.20594817182791
3960	1.17252439280128
3966	1.17252439280128
3967	1.27286723294674
3972	1.27286723294674
3973	1.25445535997278
3974	1.34320286179718
3975	1.35542284875191
3976	1.36325271766327
3977	1.43018007113642
3978	1.43018007113642
3979	1.44887574748645
3980	1.44887574748645
3981	1.34187927319363
3982	1.28337155682311
3983	1.26470918062478
3986	1.26470918062478
3987	1.27570551552344
3991	1.27570551552344
3992	1.22212144118021
3996	1.22212144118021
3997	1.22370540564953
3998	1.22370540564953
3999	1.25292776247443
4002	1.25292776247443
4003	1.13834605367811
4004	1.13834605367811
4005	1.16346627149687
4007	1.16346627149687
4008	1.22376693783008
4009	1.2596670887433
4010	1.22241351206321
4013	1.22241351206321
4014	1.31137539335759
4015	1.31137539335759
4016	1.25628130039331
4019	1.25628130039331
4020	1.2198735638267
4026	1.2198735638267
4027	1.26229268488896
4029	1.26229268488896
4030	1.32807070523631
4032	1.32807070523631
4033	1.39617687031932
4038	1.39617687031932
4039	1.52417683454405
4043	1.52417683454405
4044	1.45652971808886
4045	1.45652971808886
4046	1.38366795254478
4048	1.38366795254478
4049	1.45118650174481
4050	1.58288217689187
4059	1.58288217689187
4060	1.55343414462186
4061	1.55343414462186
4062	1.6564536864862
4067	1.6564536864862
4068	1.59517508907447
4069	1.617910691828
4072	1.617910691828
4073	1.53537923539261
4075	1.53537923539261
4076	1.4453797833703
4086	1.4453797833703
4087	1.37470865955402
4088	1.30786039575469
4089	1.32714354875861
4090	1.29156417964623
4097	1.29156417964623
4098	1.33984941661038
4104	1.33984941661038
4105	1.30685673427433
4106	1.30685673427433
4107	1.43532774514097
4108	1.40690073894075
4113	1.40690073894075
4114	1.19154688341223
4115	1.19154688341223
4116	1.09997048250807
4121	1.09997048250807
4122	1.11699953241987
4123	1.170430494014
4124	1.1905806210525
4125	1.1905806210525
4126	1.19740420261223
4128	1.19740420261223
4129	1.14071090314246
4131	1.14001872753579
4132	1.07403510210133
4133	1.07403510210133
4134	1.05703545597498
4136	1.05703545597498
4137	1.10927835955226
4143	1.10927835955226
4144	1.08797957215211
4145	1.08797957215211
4146	1.00664914492518
4147	1.00664914492518
4148	1.12268745703477
4149	1.03873583372115
4152	1.03873583372115
4153	0.980806589235726
4154	0.934276376090565
4161	0.934276376090565
4162	0.862947401899874
4163	0.921158644538082
4167	0.921158644538082
4168	0.958807716298907
4169	0.89560174286089
4170	0.89560174286089
4171	0.84617811424323
4173	0.84617811424323
4174	0.854279487397434
4175	0.792472143697523
4176	0.88471335928989
4177	0.953636968464707
4178	0.873032186482305
4180	0.873032186482305
4181	0.847249146761897
4185	0.847249146761897
4186	0.84260952738623
4187	0.772710246870702
4188	1.01794166092077
4192	1.01794166092077
4193	1.08802426675175
4195	1.08802426675175
4196	1.12605209919275
4197	1.12605209919275
4198	1.0926381706704
4199	1.13439501938774
4200	1.13439501938774
4201	1.12076914145655
4202	1.10403131082785
4203	1.16221825518005
4206	1.16221825518005
4207	1.14241640022374
4209	1.14241640022374
4210	1.24433025908002
4213	1.24433025908002
4214	1.16284435260968
4215	1.16284435260968
4216	1.28012414231125
4219	1.28012414231125
4220	1.30017767220852
4222	1.29679496557219
4223	1.32805298009771
4224	1.32805298009771
4225	1.29309026723058
4226	1.29309026723058
4227	1.31896398093158
4231	1.31896398093158
4232	1.34752221823874
4235	1.34752221823874
4236	1.33502916814541
4237	1.31062785135509
4238	1.31062785135509
4239	1.37979606683439
4248	1.37979606683439
4249	1.32628220787956
4257	1.32628220787956
4258	1.35872837170973
4259	1.35872837170973
4260	1.37617092710934
4261	1.46848895993389
4262	1.25983516630004
4264	1.25983516630004
4265	1.19135790541259
4268	1.19135790541259
4269	1.12514932968406
4279	1.12514932968406
4280	1.09073568730309
4282	1.09073568730309
4283	1.06881499972587
4286	1.06881499972587
4287	0.992867860411934
4288	1.03153061837293
4289	1.03153061837293
4290	0.993966151130735
4293	0.993966151130735
4294	1.06317245164246
4295	1.07839783073359
4296	1.07839783073359
4297	1.03329563777515
4305	1.03329563777515
4306	1.03907620247992
4309	1.03907620247992
4310	1.03054364883792
4314	1.03054364883792
4315	1.81896735492046
4316	1.78543574489595
4317	1.77306439454333
4319	1.77306439454333
4320	1.83280345720777
4321	1.83280345720777
4322	1.85127060885134
4323	1.91798742558603
4324	1.91798742558603
4325	1.95539811229901
4329	1.95539811229901
4330	2.05280671767105
4331	2.10488455686209
4332	2.13650141773178
4339	2.13650141773178
4340	2.08704416336332
4341	1.03643418081629
4342	1.08489063164234
4343	1.01700954864282
4348	1.01700954864282
4349	0.929405087106716
4350	0.929405087106716
4351	0.897045974244975
4352	0.952358333091979
4353	0.98030183899391
4354	0.874125070720766
4355	0.997240554010205
4363	0.997240554010205
4364	0.973436482050602
4365	1.13574357727703
4366	1.13574357727703
4367	1.12814592104405
4369	1.12814592104405
4370	1.1865527239861
4375	1.1865527239861
4376	1.19134484745882
4377	1.19134484745882
4378	1.20884619251956
4379	1.21793159324079
4380	1.17671343783513
4383	1.17671343783513
4384	1.16438822165946
4385	1.18734371548635
4386	1.18734371548635
4387	1.17220579900822
4389	1.17220579900822
4390	1.22152689748327
4396	1.22152689748327
4397	1.12791233906319
4404	1.12791233906319
4405	1.06376001472017
4406	1.17611488594412
4415	1.17611488594412
4416	1.11131844284319
4417	1.13989302653863
4419	1.13989302653863
4420	1.2472297581553
4423	1.2472297581553
4424	1.20097311347126
4427	1.20097311347126
4428	1.1447692142865
4429	1.1447692142865
4430	1.10569362891329
4432	1.10471854523348
4435	1.10471854523348
4436	1.09506416442309
4437	1.09506416442309
4439	1.05693914549556
4440	1.09782363834893
4441	1.08656538963623
4442	1.18137441717772
4443	1.18137441717772
4444	1.26508351291704
4445	1.28198703894304
4447	1.28198703894304
4448	1.23141779081925
4450	1.23141779081925
4451	1.10833246847324
4456	1.10833246847324
4457	1.01426125771104
4461	1.01426125771104
4462	1.02972863201285
4463	1.0853551646469
4464	1.16657405440128
4465	1.14495717190221
4466	1.14495717190221
4467	1.15377640767474
4468	1.15377640767474
4469	1.064675245525
4470	1.064675245525
4471	1.01909802727459
4473	1.01909802727459
4474	1.10500646335277
4475	1.10500646335277
4476	1.24807881880406
4478	1.24807881880406
4479	1.32564889210335
4480	1.33456035971903
4481	1.47501870872293
4483	1.47501870872293
4484	1.44442956058265
4486	1.44442956058265
4487	1.53344171815479
4490	1.53344171815479
4491	1.41846027614156
4492	1.41846027614156
4493	1.47777851112187
4497	1.47777851112187
4498	1.4891392047648
4500	1.42555843141236
4501	1.36936629532647
4502	1.48724258977381
4503	1.48724258977381
4504	1.55239265436467
4505	1.43324179561023
4507	1.43324179561023
4508	1.38357108554919
4512	1.38357108554919
4513	1.42156620109017
4514	1.42156620109017
4515	1.38012613256797
4517	1.38012613256797
4518	1.40235137857235
4520	1.40235137857235
4521	1.36024135050684
4522	1.40374452422475
4523	1.37996960572855
4524	1.31758880212874
4525	1.18013676532428
4527	1.18013676532428
4528	1.25809934328936
4533	1.25809934328936
4534	1.28525535872905
4538	1.28525535872905
4539	1.26189094050278
4540	1.26189094050278
4541	1.17732984579197
4543	1.17732984579197
4544	1.23720743209196
4545	1.23720743209196
4546	1.17349121703228
4547	1.19967346248086
4550	1.19967346248086
4551	1.17695347972767
4552	1.17695347972767
4553	1.04399041162105
4556	1.04399041162105
4557	1.08695941880796
4558	1.08695941880796
4559	1.09602722335694
4564	1.09602722335694
4565	1.08930068498739
4566	1.08930068498739
4567	1.13909923506071
4568	1.13909923506071
4569	1.22827951114959
4577	1.22827951114959
4578	1.23959724060114
4580	1.238770240554
4581	1.238770240554
4582	1.25577713979874
4583	1.25577713979874
4584	1.31460977111055
4585	1.31460977111055
4586	1.41802234840725
4588	1.41802234840725
4589	1.47975033502735
4590	1.48355119193729
4591	1.48355119193729
4592	1.46905697543843
4593	1.30124393913866
4594	1.32151081852862
4595	1.32151081852862
4596	1.39967670921396
4597	1.43518292016961
4598	1.43518292016961
4599	1.45619599886049
4602	1.45619599886049
4603	1.3859749785006
4604	1.37607383507566
4605	1.37607383507566
4606	1.43997624399344
4608	1.43997624399344
4609	1.34404557768357
4610	1.26983596194623
4611	1.26983596194623
4612	1.2195848424526
4618	1.2195848424526
4619	1.19182039924635
4620	1.19182039924635
4621	1.21545835143479
4622	1.21545835143479
4623	1.15488807886868
4632	1.15488807886868
4633	1.07870987074421
4637	1.07870987074421
4638	1.09583322313847
4639	1.01560395151682
4640	1.00711139102714
4641	1.06483244178526
4642	1.01539447938194
4643	1.06497050967664
4644	1.10086608918937
4645	1.10086608918937
4646	0.978622567981802
4647	1.03831790578624
4648	0.989372890639061
4649	1.05717225945409
4650	1.05717225945409
4651	1.05493317051514
4652	1.03781045618598
4654	1.03753596457682
4655	1.11934707509863
4657	1.11934707509863
4658	1.16644302616987
4661	1.16644302616987
4662	1.09666022142846
4665	1.09666022142846
4666	1.12153464078074
4667	1.13296590102254
4684	1.13296590102254
4685	1.11667489594765
4686	1.14406268645325
4687	1.14406268645325
4688	1.18508738284436
4689	1.18508738284436
4690	1.14598653283974
4695	1.14598653283974
4696	1.19368522302102
4697	1.19368522302102
4698	1.13061483250203
4699	1.07936896388492
4700	1.07936896388492
4701	1.14895608840015
4702	1.14895608840015
4703	1.12185948158731
4704	1.0470902147681
4713	1.0470902147681
4714	1.06491850499515
4716	1.06491850499515
4717	1.1173372481644
4718	1.30881040161694
4719	1.30881040161694
4720	1.34987778798313
4721	1.34987778798313
4722	1.33503569078312
4723	1.26066121249096
4727	1.25951511606399
4728	1.20079475511739
4729	1.20079475511739
4730	1.20352488823119
4737	1.20352488823119
4738	1.12649846498971
4741	1.12649846498971
4742	1.15965956336731
4743	1.15965956336731
4744	1.10374132146899
4745	1.08976919192719
4746	1.13143977207073
4747	1.15801539522727
4749	1.15801539522727
4750	1.16631161255646
4751	1.16631161255646
4752	1.21277443322469
4753	1.2156507684449
4758	1.2156507684449
4759	1.11390240444598
4760	1.11390240444598
4761	1.09729542065907
4763	1.09729542065907
4764	1.14769705240542
4767	1.14769705240542
4768	1.25161265400311
4769	1.25161265400311
4770	1.32197490322142
4771	1.32197490322142
4772	1.35753854420909
4773	1.35753854420909
4774	1.38717243165956
4775	1.38717243165956
4776	1.38910215219221
4780	1.38910215219221
4781	1.37447443965357
4782	1.37447443965357
4783	1.3371957432355
4784	1.32032169156446
4785	1.35367644410871
4786	1.35367644410871
4787	1.36782918127938
4789	1.36782918127938
4790	1.288947918536
4791	1.30596065736609
4799	1.30596065736609
4800	1.28873766905599
4803	1.28873766905599
4804	1.27473150249352
4805	1.23774949518338
4809	1.23774949518338
4810	1.18681751413533
4816	1.18681751413533
4817	1.17009725099706
4819	1.17009725099706
4820	1.19596905796061
4823	1.19596905796061
4824	1.18076804654629
4829	1.18076804654629
4830	1.17594762093358
4832	1.17594762093358
4833	1.28550943332448
4834	1.30984950972561
4835	1.4341976607393
4836	1.33684362141139
4837	1.29560469787612
4838	1.17804234788127
4839	1.17804234788127
4840	1.19070738787195
4841	1.36463675319465
4842	1.33612194701345
4846	1.33612194701345
4847	1.3028693439519
4848	1.31909630339578
4849	1.25989322962414
4857	1.25989322962414
4858	1.15799322389284
4865	1.15799322389284
4866	1.15478927859658
4868	1.15478927859658
4869	1.16606762243828
4870	1.10866467891174
4873	1.10866467891174
4874	1.07539805843044
4882	1.07539805843044
4883	0.9966273708269
4884	0.99422401620177
4885	0.967848261210747
4887	0.967848261210747
4888	0.91010766772888
4890	0.91010766772888
4891	0.896881003969611
4900	0.896122904920048
4901	0.891816350351291
4902	0.870268600716372
4906	0.870268600716372
4907	0.845752056684432
4911	0.845752056684432
4912	0.88205598485365
4913	0.830494561687374
4914	0.857454254743061
4915	0.857454254743061
4916	0.927795560965023
4921	0.927795560965023
4922	0.912984402712027
4923	0.912984402712027
4924	0.928299754908949
4925	0.928299754908949
4926	0.80277282165116
4928	0.80277282165116
4929	0.911318743401353
4930	0.911318743401353
4931	1.03970049710551
4935	1.03970049710551
4936	1.13492601584585
4939	1.13492601584585
4940	1.0381909454336
4941	1.0381909454336
4942	1.1182114696021
4943	1.18408065607946
4944	1.18408065607946
4945	1.10040906414724
4950	1.10040906414724
4951	0.978396339516621
4955	0.978396339516621
4956	0.98340946193639
4957	1.03378585782411
4958	1.03378585782411
4959	0.978427157177066
4961	0.978427157177066
4962	0.862308054991445
4963	0.892751051811501
4965	0.892751051811501
4966	0.890019048561953
4967	0.883257565623353
4968	0.883257565623353
4969	0.921946273156209
4970	0.837977499373665
4971	0.88122826032486
4972	0.889267307858972
4974	0.889267307858972
4975	0.845181995839084
4977	0.845181995839084
4978	0.82457830561907
4981	0.82457830561907
4982	0.845006153012946
4983	0.956709712849261
4984	0.978133038752276
4986	0.978133038752276
4987	0.883762984431087
4993	0.883762984431087
4994	0.851145382690447
5000	0.851145382690447
5001	0.882201124382846
5002	0.882201124382846
5003	0.836353509464971
5004	0.878424199217989
5008	0.878424199217989
5009	0.847805420155055
5010	0.847805420155055
5011	0.912586084436043
5012	0.912586084436043
5013	0.888865588451154
5018	0.888865588451154
5019	0.918151205642062
5022	0.918151205642062
5023	1.02749989506992
5024	1.02749989506992
5025	1.05394009550218
5031	1.05394009550218
5032	1.10957912214872
5041	1.10957912214872
5042	1.135151252176
5043	1.10689242851731
5045	1.10689242851731
5046	1.16545495446189
5047	1.17471296948133
5048	1.17471296948133
5049	1.24467461909808
5050	1.24467461909808
5051	1.30702865438434
5052	1.31684908912212
5053	1.28857087978395
5054	1.30416611611145
5055	1.30416611611145
5056	1.30874762389794
5057	1.26218298900494
5060	1.26218298900494
5061	1.27026111481246
5062	1.27026111481246
5063	1.21840864621481
5064	1.29776669454441
5065	1.27671133308831
5067	1.27671133308831
5068	1.29987974701362
5071	1.29987974701362
5072	1.31125485752636
5073	1.42981601032079
5074	1.44968803046504
5075	1.40162261837395
5076	1.40162261837395
5077	1.38252379111145
5078	1.41434951419433
5080	1.41434951419433
5081	1.40964724180958
5084	1.40964724180958
5085	1.50262793249203
5086	1.40648216199406
5087	1.38117693530148
5088	1.33698572686626
5089	1.37229105243387
5090	1.38580367339819
5093	1.38580367339819
5094	1.38853105094313
5095	1.37526149124096
5096	1.31153444283336
5098	1.31153444283336
5099	1.38802599045812
5100	1.37795989659935
5101	1.37795989659935
5102	1.39097795896305
5103	1.39097795896305
5104	1.39791961829906
5105	1.4712391758585
5108	1.4712391758585
5109	1.51395994248742
5110	1.51395994248742
5111	1.0423369742166
5112	1.07195432377557
5115	1.07195432377557
5116	1.07492421941424
5117	1.07492421941424
5118	1.07002857816042
5119	1.07002857816042
5120	1.12071981520785
5121	1.12071981520785
5122	1.18647039354619
5123	1.24391342225135
5124	1.24391342225135
5125	1.19472986145047
5127	1.19507679464004
5128	1.24139007058693
5129	1.21339096828524
5131	1.21339096828524
5132	1.07887044476229
5135	1.07887044476229
5136	1.04806495642333
5137	1.02261195822939
5139	1.02261195822939
5140	1.06841396377786
5142	1.06754614981764
5147	1.06754614981764
5148	1.02608841848632
5152	1.02608841848632
5153	1.00867653324894
5155	1.00867653324894
5156	0.942465038988303
5158	0.942465038988303
5159	0.99326453289541
5161	0.99326453289541
5162	1.0403063860067
5163	1.89093796124871
5165	1.89093796124871
5166	1.84660850691944
5167	1.84660850691944
5168	1.8306291666886
5170	1.8306291666886
5171	1.79410761878171
5173	1.79410761878171
5174	1.79841675042553
5177	1.79841675042553
5178	1.82536909705232
5179	1.82536909705232
5180	1.74276208913579
5181	1.7619067221749
5182	1.74876216258417
5183	1.74876216258417
5184	1.80817140645013
5185	1.90048544119054
5186	1.8851308804733
5187	1.94228372898579
5188	1.95248966011059
5189	1.99857025681558
5190	1.99857025681558
5191	1.94619946198873
5192	1.93270866579041
5194	1.93270866579041
5195	2.01770880636104
5196	2.00203225568475
5197	2.04575597659641
5198	2.13208094421134
5199	2.12705262733652
5200	2.02457053073522
5201	2.07900586444157
5205	2.07900586444157
5206	2.03275054856931
5207	2.05624652449842
5214	2.05624652449842
5215	2.14461963884241
5218	2.14461963884241
5219	2.09315106858048
5220	2.09315106858048
5221	2.17049507124466
5222	2.18735509881662
5223	2.25110842625509
5225	2.25110842625509
5226	2.25539232360825
5228	2.25539232360825
5229	2.27958545622459
5230	2.27958545622459
5231	2.18844648974118
5233	2.18844648974118
5234	2.16712062372244
5236	2.16712062372244
5237	2.09861123893643
5238	2.10712227703334
5239	2.10712227703334
5240	2.18933063827353
5241	2.18933063827353
5242	2.10388670091925
5243	2.17797947148938
5244	2.17797947148938
5245	2.25196020669318
5246	2.25914677868423
5247	2.25914677868423
5248	2.21063640002467
5252	2.21063640002467
5253	2.15153070731321
5255	2.15153070731321
5256	2.13781185099288
5257	2.13781185099288
5258	2.15379266490345
5259	2.15379266490345
5260	2.17125244637282
5261	2.17125244637282
5262	2.2169848736703
5263	2.13802690905504
5266	2.13802690905504
5267	2.14460805360795
5268	2.14460805360795
5269	2.10575232223346
5270	2.10575232223346
5271	2.17065265534256
5272	2.39288669577581
5273	2.38969169479969
5274	2.40719840549718
5275	2.35386719504095
5276	2.35386719504095
5277	2.32522016531584
5279	2.32522016531584
5280	2.22298013695035
5282	2.22298013695035
5283	2.16786779477115
5284	2.16786779477115
5285	2.16293381964715
5290	2.16293381964715
5291	2.23966567295793
5292	2.23721836510958
5293	2.22515214226587
5295	2.22515214226587
5296	2.18296340217057
5299	2.18296340217057
5300	2.23999447020469
5301	2.18792353433309
5302	2.18792353433309
5303	2.0923041324786
5304	2.19037381370435
5306	2.19037381370435
5307	2.21568585186105
5308	2.21568585186105
5309	2.20165099363658
5310	2.17687485296119
5311	2.17687485296119
5312	2.1640681494755
5316	2.1640681494755
5317	2.80971901589146
5318	2.80971901589146
5319	2.72646750905187
5321	2.72646750905187
5322	2.65500682398488
5323	2.63740890301415
5324	2.66576469104257
5325	2.62050877809452
5326	2.62050877809452
5327	2.53524165375711
5328	2.53524165375711
5329	2.62730489949536
5330	2.62730489949536
5331	2.59463492948998
5333	2.59463492948998
5334	2.49467865574115
5335	2.49467865574115
5336	2.5185358958588
5337	2.53961682682348
5338	2.53961682682348
5339	2.51222725154366
5341	2.51222725154366
5342	2.40259760037588
5345	2.40259760037588
5346	2.41008618250635
5347	2.49960027676207
5348	2.58392246553194
5349	2.58392246553194
5350	2.68481749066996
5351	2.67549028125723
5352	2.67549028125723
5353	2.77004670382303
5354	2.77004670382303
5355	2.81928102177335
5356	2.78802853525121
5360	2.78802853525121
5361	2.91353908731617
5362	2.91353908731617
5363	2.88606327056186
5364	2.86328088268056
5365	2.78121950752393
5367	2.78121950752393
5368	2.7220071542979
5369	2.7220071542979
5370	2.64566959061995
5371	2.55955202465339
5372	2.55955202465339
5373	2.52544573961859
5374	2.4365144915937
5375	2.4365144915937
5376	2.32303095718089
5377	2.32303095718089
5378	2.36664211771858
5379	2.36664211771858
5380	2.33405535089332
5381	2.25436509624706
5382	2.21780288393347
5383	2.21780288393347
5384	2.18110909194365
5385	2.16206074311413
5386	2.10089216666893
5387	2.10089216666893
5388	2.16862248345933
5389	2.17663371092931
5390	2.01849295071952
5392	2.01849295071952
5393	2.03298693548641
5394	2.05076229486804
5395	2.00771678370074
5396	2.00771678370074
5397	2.0767081908707
5398	2.12261139515977
5401	2.12261139515977
5402	2.08588138815685
5403	2.08588138815685
5404	1.9760277148016
5409	1.9760277148016
5410	1.94246182960342
5411	1.94246182960342
5412	1.92415542091112
5416	1.9228921536851
5417	1.8504065713787
5420	1.8504065713787
5421	1.82701942107087
5422	1.8132480667955
5423	1.74850360281198
5424	1.78893303171935
5425	1.73626055152272
5429	1.73626055152272
5430	1.80956699670787
5431	1.80956699670787
5432	1.8552344466043
5437	1.8552344466043
5438	1.81866988654292
5439	1.84766447779475
5446	1.84766447779475
5447	1.87137120048646
5448	1.87137120048646
5449	1.8218636760248
5450	1.82768134693833
5452	1.82768134693833
5453	1.88593587341165
5454	1.93672300137041
5461	1.93672300137041
5462	1.89360950302216
5463	1.89360950302216
5464	1.8421468345332
5465	1.8421468345332
5466	1.80093246632168
5470	1.80093246632168
5471	1.77531292045751
5472	1.79535745466637
5473	1.71652063923466
5474	1.74554736299615
5477	1.74554736299615
5478	1.74993949082273
5479	1.63962195982094
5480	1.68248765521275
5481	1.70080098188191
5484	1.70080098188191
5485	1.79654565148303
5491	1.79654565148303
5492	1.86168568755238
5493	1.85053043764128
5494	1.85053043764128
5495	1.83731673400689
5496	1.78278989977844
5498	1.78278989977844
5499	1.76817309890612
5501	1.76817309890612
5502	1.66121889844726
5503	1.57751395946616
5504	1.57751395946616
5505	1.58402928680516
5513	1.58402928680516
5514	1.55394001060995
5515	1.66516314793625
5517	1.66516314793625
5518	1.57559377721554
5520	1.57559377721554
5521	1.57256428443361
5524	1.57256428443361
5525	1.52409596093275
5536	1.52409596093275
5537	1.4860335721969
5538	1.50562090034509
5539	1.5900249698534
5540	1.62070576646511
5545	1.62070576646511
5546	1.64015522165573
5549	1.64015522165573
5550	1.73361112003113
5555	1.73361112003113
5556	1.74073419475826
5560	1.74073419475826
5561	1.68342665420278
5565	1.68342665420278
5566	1.61988873847076
5567	1.61988873847076
5568	1.63569261462544
5575	1.63569261462544
5576	1.54775635468832
5577	1.54775635468832
5578	1.55892376634074
5580	1.55892376634074
5582	1.6312519450621
5583	1.62336017324196
5585	1.62336017324196
5586	1.78822562381902
5587	1.7056483729757
5588	1.7056483729757
5589	1.69488601419289
5590	1.62296508679356
5591	1.62296508679356
5592	1.51740359129326
5593	1.50912522413273
5594	1.49466686827509
5597	1.49466686827509
5598	1.39696323185126
5599	1.4108148898049
5602	1.4108148898049
5603	1.43096910067106
5604	1.40119358265292
5605	1.40119358265292
5606	1.41730128787822
5607	1.28995137141101
5608	1.28995137141101
5609	1.36137917271481
5617	1.36137917271481
5618	1.43959071656354
5619	1.54104256194842
5620	1.52436830623265
5621	1.408151937394
5622	1.31172725901706
5628	1.3123997141447
5629	1.37272458038569
5633	1.37272458038569
5634	1.30911288853531
5635	1.32713448010327
5636	1.32713448010327
5637	1.314809493957
5638	1.38722778089868
5640	1.38722778089868
5641	1.3768808674613
5645	1.3768808674613
5646	1.43124701449051
5647	1.43124701449051
5648	1.40311108515743
5650	1.40311108515743
5651	1.37005754603524
5653	1.37005754603524
5654	1.39048283965167
5662	1.39048283965167
5663	1.36576842426075
5664	1.38473570705173
5669	1.38473570705173
5670	1.39130458890213
5671	1.417698737725
5672	1.4127400019388
5676	1.4127400019388
5677	1.4773839177833
5678	1.4773839177833
5679	1.52590786754445
5680	1.52590786754445
5681	1.42465720738983
5682	1.42465720738983
5683	1.48486635951849
5685	1.48486635951849
5686	1.51321183492473
5687	1.51321183492473
5688	1.59093626953836
5690	1.59093626953836
5691	1.51848202165274
5692	1.48218000116685
5694	1.48218000116685
5695	1.45997129131501
5696	1.49777704498047
5699	1.49777704498047
5700	1.38404587890545
5701	1.33077789377785
5702	1.3059931021744
5703	1.31718166825158
5704	1.31718166825158
5705	1.34378521406325
5706	1.31791844505642
5708	1.31791844505642
5709	1.42860424415994
5710	1.5233128969885
5711	1.56563364615795
5712	1.62007992156578
5713	1.62832654726662
5714	1.61163165957987
5715	1.61163165957987
5716	1.50994416412505
5717	1.50994416412505
5718	1.5386273221302
5719	1.56265898781567
5720	1.56610104886204
5721	1.56610104886204
5722	2.50209193066985
5723	2.50209193066985
5724	2.46749150079268
5725	2.42658043837218
5726	2.36720716703348
5727	2.36720716703348
5728	2.33131775463335
5729	2.33131775463335
5730	2.15859683311282
5731	2.25019266603704
5732	2.25019266603704
5733	2.23614151908987
5734	2.23873918334357
5736	2.23873918334357
5737	2.18940306297372
5738	2.18940306297372
5739	2.25009314675845
5740	2.25009314675845
5741	2.22134952473425
5742	2.23301302134132
5744	2.23301302134132
5745	2.33835114601243
5749	2.33835114601243
5750	2.3022257942248
5754	2.3022257942248
5755	2.32851700648825
5756	2.43156018835361
5757	2.43156018835361
5758	2.41544797319148
5759	2.36701581226225
5760	2.31004179302545
5761	2.31004179302545
5762	2.46337014067467
5764	2.46337014067467
5765	2.48508112646596
5766	2.47906380747372
5768	2.47906380747372
5769	2.43842002594829
5770	2.43842002594829
5771	2.38899548166228
5772	2.38585545975366
5773	2.44162350008628
5774	2.50860975629621
5775	2.54980087922013
5776	2.54650437351302
5777	2.54650437351302
5778	2.52612468935331
5779	2.52612468935331
5780	2.53516375376057
5782	2.53516375376057
5783	2.42394144108766
5784	2.40558013063492
5785	2.31020113623163
5786	2.2862887779047
5787	2.34042823822165
5788	2.34042823822165
5789	2.34937702106618
5791	2.34937702106618
5792	2.29197199018745
5794	2.29197199018745
5795	2.22488269878886
5797	2.22488269878886
5798	2.22960610888549
5799	2.22960610888549
5800	2.26921851923544
5801	2.21629154469701
5804	2.21629154469701
5805	2.23968542474904
5806	2.23968542474904
5807	2.18502667498251
5810	2.18502667498251
5811	2.29434830719038
5812	2.37947157143935
5813	2.37947157143935
5814	2.36576039461215
5815	2.32470332145022
5816	2.32470332145022
5817	2.30863934692024
5818	2.34040778809867
5819	2.30052595915549
5820	2.30052595915549
5821	2.40719124623865
5822	2.35468493184453
5823	2.35468493184453
5824	2.28607704845854
5825	2.28224594113999
5826	2.28224594113999
5827	2.42521828978715
5830	2.42521828978715
5831	2.37401022635822
5832	2.40686960160019
5833	2.40686960160019
5834	2.41075564929633
5835	2.42498011966745
5836	2.34704627852625
5837	2.34704627852625
5838	2.2785279295349
5839	2.25676325569293
5840	2.29976847024955
5841	2.3777218969808
5842	2.44327057972623
5843	2.50522712797829
5844	2.53004329135365
5845	2.53004329135365
5846	2.56529524286452
5850	2.56529524286452
5851	2.59061849991485
5852	2.59974220559889
5853	2.59102065933621
5855	2.59102065933621
5856	2.62853699251718
5858	2.62853699251718
5859	2.69920733117397
5863	2.69920733117397
5864	2.65024710701618
5865	2.64757316475516
5874	2.64757316475516
5875	2.56782406324419
5876	2.48404775356903
5879	2.48404775356903
5880	2.49293224084613
5881	2.45019810786835
5882	2.42651758588909
5883	2.42651758588909
5884	2.41434577235486
5885	2.41434577235486
5886	2.50368292491476
5887	2.385368177278
5889	2.385368177278
5890	2.25651304238636
5891	2.24690101547822
5892	2.25787392783604
5893	2.32799017350044
5898	2.32799017350044
5899	2.25483614516634
5900	2.290871879115
5901	2.30026163819639
5902	2.30026163819639
5903	2.27444748263224
5904	2.31774403456802
5905	2.34418449585792
5906	2.22978569095721
5907	2.22978569095721
5908	2.23729878897939
5909	2.23729878897939
5910	2.20298427752641
5912	2.20298427752641
5913	2.14883635624938
5915	2.14883635624938
5916	2.14309029219294
5917	2.10684757199851
5923	2.10684757199851
5924	2.01806899919029
5925	2.01004928192924
5927	2.01004928192924
5928	1.99044074564881
5929	2.03824581233857
5930	2.00720561810886
5931	1.9283666196352
5932	1.91407669282489
5933	1.91407669282489
5934	1.90835803865775
5935	1.86840594827299
5936	1.76247360923662
5937	1.76247360923662
5938	1.77324299023167
5939	1.77324299023167
5940	1.75764380096734
5941	1.73688984561886
5943	1.73688984561886
5944	1.79683314872091
5947	1.79683314872091
5948	1.81195270435637
5949	1.81195270435637
5950	1.76565737794226
5951	1.76565737794226
5952	1.70342706616066
5953	1.70342706616066
5954	1.76920779666034
5955	1.76920779666034
5956	1.87832054024693
5962	1.87832054024693
5963	1.79123950955181
5967	1.79123950955181
5968	1.78051147934821
5969	1.78051147934821
5970	1.73445038717546
5971	1.73445038717546
5972	1.69196851238303
5973	1.69346693121042
5975	1.69346693121042
5976	1.59779810936016
5979	1.59779810936016
5980	1.45997136938604
5981	1.45997136938604
5982	1.45312050107896
5983	1.41762919709799
5984	1.41762919709799
5985	1.47877483241245
5986	1.60004477065013
5988	1.55996376805706
5989	1.62260422926556
5990	1.62260422926556
5991	1.58983756211819
5992	1.61754746449515
5993	1.61754746449515
5994	1.64261267394977
5995	1.57994060285637
5999	1.57994060285637
6000	1.58518875176378
6003	1.58518875176378
6004	1.61394431373265
6005	1.56971636716116
6009	1.56971636716116
6010	1.54540142077894
6017	1.54540142077894
6018	1.57311263948213
6020	1.57311263948213
6021	1.47096204706759
6022	1.50615791794189
6023	1.48401408517384
6025	1.48401408517384
6026	1.45093582267873
6029	1.45093582267873
6030	1.5094391556413
6033	1.5094391556413
6034	1.46078662618675
6039	1.46078662618675
6040	1.45873566123191
6041	1.50491931657598
6042	1.55735136350995
6043	1.54814035673189
6046	1.54814035673189
6047	1.63016135274302
6048	1.56133832417254
6049	1.56133832417254
6050	1.62712050584742
6051	1.62712050584742
6052	1.60452286387954
6054	1.60452286387954
6055	1.56808316343086
6061	1.56808316343086
6062	1.49825420385969
6063	1.49523044766829
6064	1.49523044766829
6065	1.51706284352986
6066	1.54794724269595
6067	1.52296242285229
6068	1.67600390221924
6069	1.67600390221924
6070	1.83720300956702
6071	1.83720300956702
6072	1.85076896437386
6073	1.79576335027377
6074	1.71417868225035
6075	1.71417868225035
6076	1.6837028977352
6077	1.72483361735067
6078	1.71189543677247
6079	1.75784175150329
6080	1.77991515571193
6081	1.82709729431008
6084	1.82709729431008
6085	1.88672538116953
6086	1.87195645342581
6087	1.87195645342581
6088	1.96166516000085
6089	1.96166516000085
6090	1.89771646247027
6091	1.8928165953912
6092	2.08566867821719
6093	2.07533745170076
6096	2.07533745170076
6097	2.14678563183406
6098	2.12715992794983
6101	2.12715992794983
6102	2.00332626028103
6103	2.08526906549378
6104	2.08526906549378
6105	1.98961215461168
6109	1.98961215461168
6110	1.87042017103522
6111	1.87042017103522
6112	1.95809577595355
6113	2.03340176453639
6114	2.03340176453639
6115	1.97746559030202
6117	1.97746559030202
6118	2.04530381773293
6119	2.01219190156189
6121	2.01219190156189
6122	1.91798344451672
6126	1.91798344451672
6127	1.99861536174649
6128	1.99861536174649
6129	1.96249587458806
6131	1.96249587458806
6132	1.93955217260736
6133	1.93955217260736
6134	2.02965161310931
6135	1.99426106833562
6136	1.99426106833562
6137	1.9883143737643
6142	1.9883143737643
6143	2.04177718842038
6144	2.04177718842038
6145	2.02233252180304
6146	1.99391356572232
6150	1.99391356572232
6151	1.99540321316454
6152	1.97966610910589
6153	1.97966610910589
6154	1.96995841013995
6155	2.02130124202085
6159	2.02130124202085
6160	1.9608051623909
6161	1.81699902990295
6162	1.8529972543256
6163	1.83846221131171
6166	1.83846221131171
6167	1.90246701991782
6168	1.82241144202635
6169	1.79327718450804
6170	1.79327718450804
6171	1.72026784072659
6172	1.72026784072659
6173	1.76310512383498
6174	1.74628668403602
6176	1.74628668403602
6177	1.69897573288472
6178	1.73755956658715
6179	1.85329394301516
6180	1.87752665907828
6181	1.93983536687665
6182	1.93983536687665
6183	1.9882601065874
6184	1.92430708677421
6185	1.95447779782626
6186	1.95447779782626
6187	1.8016133375786
6189	1.8016133375786
6190	1.77606892626136
6191	1.75483065675508
6192	1.75483065675508
6193	1.63142206301563
6196	1.63142206301563
6197	1.58141039815018
6198	1.60485982391401
6199	1.63600784266964
6200	1.63600784266964
6201	1.70117396608839
6204	1.70117396608839
6205	1.62718910415424
6206	1.62718910415424
6207	1.70834132359596
6208	1.68952757924126
6209	1.68952757924126
6210	1.66870260372161
6211	1.71495106801376
6212	1.83932131844631
6213	1.93229027574125
6214	1.93229027574125
6215	1.88952382724528
6217	1.88952382724528
6218	1.94985365504181
6219	1.94985365504181
6220	1.8512239745869
6221	1.8512239745869
6222	1.8378780316707
6224	1.8378780316707
6225	1.83497310293023
6226	1.85407989420492
6227	1.77544354926795
6228	1.77544354926795
6229	1.84639019616225
6230	1.85174096166884
6232	1.85174096166884
6233	1.87117637790652
6234	1.92402768198735
6236	1.92402768198735
6237	1.88696186965171
6238	1.88696186965171
6239	1.91556545563435
6240	1.78148575839441
6242	1.78148575839441
6243	1.75751418260188
6245	1.75751418260188
6246	1.80684539417052
6248	1.80684539417052
6249	1.81276730894751
6250	1.84234379160989
6254	1.84234379160989
6255	1.87292133136725
6257	1.87292133136725
6258	1.93921593085906
6259	2.0202515834826
6260	1.97817982433844
6261	1.96242990171231
6262	1.96242990171231
6263	2.05314660632212
6264	1.98222367345443
6265	1.90960825188449
6266	2.0907924407984
6267	2.0907924407984
6268	2.11019049154856
6269	2.11019049154856
6270	2.18839782563737
6271	2.18839782563737
6272	2.26126747150556
6273	2.2417844747506
6276	2.2417844747506
6277	2.1378598838055
6278	2.17844367040016
6279	2.13817925731564
6280	2.17818806385912
6281	2.150052822617
6282	2.06449257542408
6283	2.06449257542408
6284	1.96822475736917
6285	1.93251957802931
6288	1.93251957802931
6289	1.89800161925086
6290	1.89800161925086
6291	1.84920351877008
6292	1.79646914476325
6293	1.78105986771698
6295	1.78105986771698
6296	1.93179345897806
6297	1.89290164797058
6298	1.81603757771882
6299	1.68983506062432
6300	1.73483769458835
6301	1.73483769458835
6302	1.7319602054813
6303	1.7319602054813
6304	1.73438493742651
6306	1.73458828470029
6307	1.71866595102256
6308	1.71866595102256
6309	1.82601676383274
6311	1.82601676383274
6312	1.81830240463023
6313	1.88529094377373
6314	1.89593280435656
6315	1.82737114230622
6316	1.38615572044728
6317	1.38615572044728
6318	1.32914714353683
6319	1.36338773633906
6322	1.36338773633906
6323	1.35920413886561
6324	1.35920413886561
6325	1.36719737165549
6326	1.36719737165549
6327	1.4368452744493
6328	1.44966997130905
6329	1.44966997130905
6330	1.43071910081926
6331	1.35967964682277
6334	1.35967964682277
6335	1.42631448260363
6337	1.42631448260363
6338	1.45728159250211
6339	1.40737035029088
6345	1.40737035029088
6346	1.45906651531186
6347	1.53217812469666
6348	1.53217812469666
6349	1.51623476444729
6352	1.51623476444729
6353	1.53324719215016
6354	1.53324719215016
6355	1.54087238564898
6356	1.55375947110588
6361	1.55375947110588
6362	1.57422541191045
6366	1.57422541191045
6367	1.56264000916781
6368	1.58287313786059
6369	1.5869489683173
6374	1.5869489683173
6375	1.66994297231577
6376	1.66774708153753
6377	1.60217706268304
6380	1.60217706268304
6381	1.59850318346435
6382	1.74024898753487
6383	1.79842468953211
6387	1.79842468953211
6388	1.84154551929169
6389	1.84154551929169
6390	1.8091221400573
6392	1.8091221400573
6393	1.79198674083818
6394	1.76616931709941
6395	1.76616931709941
6396	1.74406521498531
6397	1.74406521498531
6398	1.70642310542098
6400	1.70642310542098
6401	2.16314808531388
6402	2.17507074716559
6403	2.20247490249676
6404	2.14197489622165
6405	2.24047010735376
6411	2.24047010735376
6412	2.2557384840984
6413	2.24448780573221
6414	2.24448780573221
6415	2.24044932520701
6416	2.27396364945525
6417	2.16706213442376
6418	2.21488909676555
6422	2.21402918821332
6423	2.19376027121325
6424	2.23107834065013
6425	2.18245687815579
6426	2.19834250989152
6429	2.19744488864671
6430	2.16492753887724
6431	2.16492753887724
6432	2.1988622653771
6434	2.1988622653771
6435	2.13040869299584
6436	2.03991958927145
6439	2.03991958927145
6440	1.94337099667609
6441	1.91138926038184
6443	1.91138926038184
6444	1.93719586891893
6445	1.9657318379177
6452	1.9657318379177
6453	1.97229451060412
6456	1.97229451060412
6457	2.00566032986171
6458	1.99354388500797
6461	1.99354388500797
6462	2.03025585337309
6464	2.03025585337309
6466	2.06150255011016
6467	2.06150255011016
6468	2.04909545212649
6469	2.04909545212649
6470	1.98126744534602
6474	1.98126744534602
6475	1.96542886171301
6476	1.94014523119404
6479	1.94014523119404
6480	1.94943699017313
6481	1.94943699017313
6482	1.98527263252254
6485	1.98527263252254
6486	1.96025120335253
6487	1.97212870620569
6488	1.93184084902532
6490	1.93184084902532
6491	1.95685453011902
6492	1.91777211225781
6493	1.92325021149372
6494	1.96895797398975
6496	1.96895797398975
6497	1.9237601781424
6499	1.9237601781424
6500	1.99185456406485
6501	1.93820935413169
6502	1.89821424857655
6503	1.89132358941424
6504	1.89132358941424
6505	1.8347179384873
6507	1.8347179384873
6508	1.78796216082628
6516	1.78796216082628
6517	1.72694430594493
6518	1.64890348715926
6519	1.64890348715926
6520	1.65784740532399
6527	1.65784740532399
6528	1.58489966364141
6529	1.58489966364141
6530	1.60344328221618
6531	1.62788308448216
6532	1.64630898297764
6533	1.57767572034572
6535	1.57767572034572
6536	1.49849933756923
6538	1.49954101878757
6540	1.49954101878757
6541	1.43688161692626
6542	1.43147379490256
6543	1.43147379490256
6544	1.51358274486847
6550	1.51358274486847
6551	1.49532295087556
6552	1.52228316471883
6563	1.52228316471883
6564	1.57407729828265
6565	1.56614252816507
6566	1.51998357942648
6567	1.53585753445441
6570	1.53585753445441
6571	1.5116656975988
6572	1.5116656975988
6573	1.48869782305701
6582	1.48869782305701
6583	1.42619029578054
6587	1.42619029578054
6588	1.48277996472825
6589	1.48277996472825
6590	1.50620910576617
6595	1.50620910576617
6596	1.4850929204149
6597	1.41441963459147
6602	1.41441963459147
6603	1.47492457880435
6604	1.54584426067231
6608	1.54584426067231
6609	1.52831351785426
6619	1.52831351785426
6620	1.55997739714076
6625	1.55997739714076
6626	1.59388285371097
6627	1.53611847577486
6631	1.53614722006387
6632	1.50856281820234
6633	1.48666502513879
6634	1.42224986534711
6635	1.26309315594335
6636	1.19689269423179
6637	1.19689269423179
6638	1.233721578119
6642	1.233721578119
6643	1.16276004276369
6648	1.16276004276369
6649	1.18811074160112
6653	1.18811074160112
6654	1.15217256526375
6655	1.15217256526375
6656	1.23651153533865
6659	1.23651153533865
6660	1.32329682378258
6662	1.32329682378258
6663	1.28135382562323
6664	1.36193376092342
6665	1.31351407351758
6667	1.31351407351758
6668	1.36141157521342
6675	1.36068891664036
6676	1.51073779991202
6681	1.51073779991202
6682	1.47628493272714
6683	1.47628493272714
6684	1.45608482883836
6686	1.45608482883836
6687	1.46947320091567
6688	1.46947320091567
6689	1.44088484907479
6695	1.44088484907479
6696	1.5365767252224
6697	1.5365767252224
6698	1.57485915821235
6699	1.57485915821235
6700	1.54126811360402
6701	1.54126811360402
6702	1.57568481873022
6703	1.57568481873022
6704	1.50125617953381
6707	1.50125617953381
6708	1.58025078801074
6709	1.48367181854337
6710	1.51037072395775
6711	1.57413543306393
6712	1.57413543306393
6713	1.54959404436158
6714	1.50322052592674
6716	1.50322052592674
6717	1.56745431216405
6718	1.56745431216405
6719	1.69533154486999
6720	1.64949230083585
6721	1.65703250346633
6722	1.65896694363983
6723	1.65896694363983
6724	1.70661558517895
6731	1.70661558517895
6732	1.71667703085041
6733	1.76670121224379
6734	1.7822203492251
6735	1.72181152008125
6736	1.63278652220833
6737	1.65497268494437
6738	1.69879854586179
6739	1.69879854586179
6740	1.73690515606722
6741	1.73690515606722
6742	1.81413386293934
6743	1.73294979054845
6744	1.72918940131785
6745	1.73379299182125
6748	1.73379299182125
6749	1.7242376304057
6750	1.76575290162145
6752	1.76575290162145
6753	1.88661608767507
6754	1.88661608767507
6755	1.95169791679655
6757	1.95169791679655
6758	1.86417684007756
6759	1.95617875187236
6762	1.95617875187236
6763	1.91333376129478
6766	1.91333376129478
6767	1.87557493923305
6768	1.8632041571982
6773	1.8632041571982
6774	1.83450708352029
6779	1.83450708352029
6780	1.79119100418029
6781	1.79119100418029
6782	1.80977857238031
6783	1.80977857238031
6784	1.74491220435084
6787	1.74491220435084
6788	1.72976124059278
6789	1.73959351690792
6791	1.73959351690792
6792	1.77847210505206
6796	1.77847210505206
6797	1.79205027411444
6800	1.79205027411444
6801	1.7967159410473
6802	1.7967159410473
6803	1.84618243008663
6804	1.85544223428951
6805	1.8410295392423
6806	1.82132342590921
6807	2.30255036981544
6808	2.20010861851551
6809	2.15106748590915
6810	2.13419897268614
6811	2.15802503096711
6812	2.31542758705109
6814	2.31542758705109
6815	2.35087847770774
6816	2.28584180354665
6817	2.28584180354665
6818	2.34175335333566
6819	2.34175335333566
6820	2.2662350954015
6824	2.2662350954015
6825	2.20189289811606
6826	2.24522694852931
6827	2.2137524204918
6828	2.2137524204918
6829	2.27465803170344
6832	2.27465803170344
6833	2.16670702556075
6834	2.16670702556075
6835	1.96791497298909
6836	1.98864381003659
6837	1.99411968615823
6838	1.98071001294738
6839	2.03061015223648
6840	2.06663778243455
6841	2.0134018013523
6844	2.0134018013523
6845	1.99751766124245
6846	2.00911954263938
6847	2.00472350445125
6848	2.0093042373046
6849	2.03280339798948
6852	2.03374971038284
6853	1.99101255227288
6855	1.99101255227288
6856	2.05273559720808
6858	2.05273559720808
6859	1.89931044086188
6860	1.89931044086188
6861	1.91435076527705
6862	1.94206832637065
6863	1.98872892539657
6866	1.98872892539657
6867	2.00045969595158
6869	2.00045969595158
6870	1.97793033810012
6872	1.97793033810012
6873	1.91457803325102
6874	1.80984610838641
6875	1.80984610838641
6876	1.83662286885738
6877	1.91128350346116
6878	1.91128350346116
6879	1.96145054380395
6880	1.95818106834122
6882	1.95818106834122
6883	1.97636319742378
6884	1.91538379294434
6885	1.89366544453151
6887	1.89366544453151
6888	1.89876262600592
6889	1.89876262600592
6890	1.95362996147742
6891	1.89607294412417
6892	1.89787161841377
6893	1.92451333205099
6894	1.84739337632709
6895	1.72784106209292
6898	1.72784106209292
6899	1.69771314897298
6901	1.69771314897298
6902	1.32674765776028
6903	1.3873391895504
6904	1.09594715047933
6905	1.09594715047933
6906	1.16596695864791
6907	1.20844939500603
6908	1.23835467391837
6909	1.23835467391837
6910	1.22189020099904
6911	1.23750336719604
6912	1.23750336719604
6913	1.19073401413334
6914	1.20492080106851
6915	1.20492080106851
6916	1.30724604651186
6917	1.23948940826085
6918	1.23948940826085
6919	1.20208984118653
6920	1.20208984118653
6921	1.15901090164698
6923	1.15901090164698
6924	1.23014695545862
6925	1.23014695545862
6926	1.16172689037558
6927	1.10389127453163
6928	1.12834245315753
6929	1.11754995548472
6930	1.11339814226085
6931	1.1460641312442
6933	1.1460641312442
6934	1.27936495087488
6935	1.26752717049749
6938	1.26752717049749
6939	1.21962556341896
6940	1.21962556341896
6941	1.42185887071173
6942	1.47972013663093
6945	1.47884175523359
6946	1.40621368535358
6948	1.40621368535358
6949	1.40023089105671
6951	1.40023089105671
6952	1.3591098208708
6953	1.37628922177464
6956	1.37628922177464
6957	1.30937624543003
6959	1.30937624543003
6960	1.40087462037627
6962	1.40087462037627
6963	1.50882605585866
6964	1.50882605585866
6965	1.38162377816116
6966	1.44869376750648
6967	1.44869376750648
6968	1.41078056468177
6969	1.47788909646624
6970	1.51492563512511
6971	1.47690716418583
6972	1.4947170387386
6978	1.4947170387386
6979	1.42669356452097
6980	1.37364894800703
6981	1.37364894800703
6982	1.41747417638908
6983	1.42294265376404
6984	1.42294265376404
6985	1.37212795632877
6988	1.37212795632877
6989	1.40591863570444
6990	1.43238718762223
6992	1.43380067400722
6993	1.40204981090574
6994	1.44082600665206
6995	1.44082600665206
6996	1.47902362744571
6997	1.51368709247618
6998	1.57917041803375
6999	1.58793260491075
7000	1.58793260491075
7001	1.49143999479929
7002	1.49143999479929
7003	1.4944385988274
7004	1.5262592448853
7005	1.5262592448853
7006	1.57254789207218
7007	1.57254789207218
7008	1.52297159995578
7010	1.52297159995578
7011	1.52560279677346
7014	1.52560279677346
7015	1.39472938951076
7016	1.35402795824848
7017	1.40715202409046
7018	1.43796357286556
7019	1.29480388416414
7020	1.3726244147183
7021	1.3726244147183
7022	1.38758631392557
7024	1.38758631392557
7025	1.31275982699299
7027	1.31275982699299
7028	1.33009848009533
7029	1.33009848009533
7030	1.2577769393065
7031	1.31393594338442
7032	1.25449764165387
7033	1.25449764165387
7034	1.36332037896864
7035	1.33435056777307
7036	1.40806967871686
7037	1.36134279423277
7038	1.36134279423277
7039	1.35977727659338
7040	1.33789758884086
7042	1.33789758884086
7043	1.28005370723986
7044	1.28005370723986
7045	1.20461333929779
7049	1.20461333929779
7050	1.25347698240148
7052	1.25347698240148
7053	1.2667139465666
7054	1.3320525548661
7055	1.40783110602206
7057	1.40783110602206
7058	1.23511759879329
7061	1.23511759879329
7062	1.23355636345877
7064	1.23355636345877
7065	1.26815217679541
7066	1.26815217679541
7067	1.1934613868907
7068	1.29667654346849
7069	1.29667654346849
7070	1.31739955730518
7072	1.31739955730518
7073	1.36172568419352
7074	1.27513764047399
7075	1.27513764047399
7077	1.19372226963969
7078	1.25065762181475
7081	1.25065762181475
7082	1.27262725941182
7083	1.27262725941182
7084	1.23345103716565
7085	1.13372656301362
7086	1.13372656301362
7087	1.15396280958157
7091	1.15396280958157
7092	1.05090519475925
7094	1.05050193148054
7095	1.19043752137077
7097	1.19093259060173
7098	1.12872622429495
7103	1.12872622429495
7104	1.16505908657928
7105	1.16505908657928
7106	1.1067827946099
7110	1.1067827946099
7111	1.06194046085511
7112	1.06194046085511
7113	1.13458903968058
7115	1.13458903968058
7116	0.937639473329909
7117	0.944244565456756
7118	0.938340983935632
7119	0.938340983935632
7120	1.11853784845152
7121	1.11853784845152
7122	1.13561097050842
7123	1.19988456289138
7124	1.13952570127003
7131	1.13952570127003
7132	1.16636762885901
7135	1.16636762885901
7136	1.17200015706476
7137	1.23842351722124
7138	1.2136999154427
7139	1.10824225972101
7142	1.10824225972101
7143	1.10256038947773
7144	1.10256038947773
7145	1.14869789760269
7146	1.25151366151113
7147	1.20579318395539
7148	1.20579318395539
7149	1.20138314754149
7150	1.132980479455
7155	1.132980479455
7156	1.14826110318609
7157	1.17758203771518
7158	1.17758203771518
7159	1.19006300931142
7163	1.19006300931142
7164	1.12609294740105
7165	1.12609294740105
7166	1.14430009689022
7168	1.14430009689022
7169	1.24469849174784
7170	1.26503404617688
7171	1.26503404617688
7172	1.28860348543822
7173	1.2544860564085
7174	1.2544860564085
7175	1.2090353004387
7178	1.2090353004387
7179	1.1376624588047
7180	1.08590913360604
7181	1.13251099633271
7182	1.09841621892338
7183	1.03828375373996
7184	1.31261262990665
7185	1.25932023808127
7187	1.25932023808127
7188	1.22825711436235
7189	1.22825711436235
7190	1.31243837691727
7196	1.31243837691727
7197	1.34296754258321
7198	1.33185418096036
7199	1.36368719314487
7200	1.31974657595129
7201	1.31974657595129
7202	1.26155996144735
7203	1.2966248962548
7204	1.2966248962548
7205	1.74893295535003
7206	1.78172409526451
7207	1.78172409526451
7208	1.76426625226304
7209	1.76426625226304
7210	1.83358184985264
7212	1.83358184985264
7213	1.84983798818575
7214	1.84983798818575
7215	1.9060658121889
7216	1.9060658121889
7217	1.8777567667421
7218	2.03439342815909
7219	1.95232496995959
7220	1.88032352521259
7221	1.85312946640988
7223	1.85312946640988
7224	1.81412429856209
7225	1.8924143477816
7226	1.85719432502083
7227	1.85719432502083
7228	1.83948847691136
7229	1.78797338121512
7230	1.72103055937987
7231	1.66193287418355
7232	1.66193287418355
7233	1.60624325403842
7234	1.62846812079079
7235	1.97460782837879
7237	1.97460782837879
7238	1.94866658805404
7239	2.00974125300854
7240	2.00974125300854
7241	1.9689974453504
7242	1.9692055291307
7243	1.87878510203882
7244	1.88825242180974
7245	1.94199208472492
7246	1.95118834450477
7247	1.91326836849112
7248	1.90895229473244
7249	1.90915484825018
7250	1.78396243044699
7251	1.70476363505441
7262	1.70476363505441
7263	1.68525138492259
7264	1.81771667210705
7269	1.81771667210705
7270	1.7531524622791
7271	1.78588920348921
7273	1.78588920348921
7274	1.80877683076687
7275	1.82888913964052
7276	1.86741292502484
7281	1.86741292502484
7282	1.90556551480404
7284	1.90556551480404
7285	1.92513647059968
7286	1.9839838281805
7287	1.9839838281805
7288	1.97696825020466
7289	1.97696825020466
7290	2.03223921752215
7291	2.03223921752215
7292	1.93093491857871
7293	1.93093491857871
7294	1.99226317641296
7295	1.93843899277636
7296	1.93250765917401
7298	1.93250765917401
7299	1.93747082181289
7302	1.93747082181289
7303	1.96051636229822
7304	2.0120540299431
7305	1.97937866956636
7306	1.86406759461897
7307	1.84951756123337
7309	1.84951756123337
7310	1.90428745953614
7312	1.90428745953614
7313	1.86635780656798
7314	1.86635780656798
7315	1.9043836913188
7321	1.9043836913188
7322	1.98595835807282
7323	2.09793999946123
7324	2.09793999946123
7325	2.08195004816298
7326	2.07240062797428
7327	2.13808295581839
7328	2.13107705767106
7329	2.15113447299882
7336	2.15113447299882
7337	2.19596132206425
7340	2.19596132206425
7341	2.0395630679559
7342	2.05836502398961
7343	2.12785882163371
7345	2.12785882163371
7346	2.11720557134322
7347	2.11720557134322
7348	2.08496034970813
7349	2.07739908627264
7350	1.99328226871148
7351	1.91539407026357
7353	1.91539407026357
7354	1.93088704742331
7355	2.03184190694083
7356	1.88624050155704
7357	1.9260931424069
7358	2.05687553761163
7359	2.06959322534021
7360	2.01882719698551
7361	2.00180846251533
7362	2.00180846251533
7363	2.05759126227713
7364	2.05759126227713
7365	2.07646262166236
7366	2.12606382643207
7367	2.1737321340006
7368	2.19541675696382
7369	2.19541675696382
7370	2.24998726923513
7371	2.26101447751716
7372	2.18979124093676
7373	2.18979124093676
7374	2.18656588465456
7376	2.18656588465456
7377	2.30136959225638
7378	1.75107540523095
7380	1.75107540523095
7381	1.66508257269015
7382	1.69613400182789
7383	1.75864684578846
7384	1.7790086995883
7386	1.7790086995883
7387	1.79722947841947
7389	1.79722947841947
7390	1.70414673347477
7391	1.7614440324578
7392	1.77629171706576
7393	1.77629171706576
7394	1.73564389939565
7395	1.75794334653256
7396	1.73359625223384
7397	1.71150013027727
7398	1.72674361991812
7402	1.72674361991812
7403	1.70511688961051
7406	1.70511688961051
7407	1.60583626442894
7408	1.60583626442894
7409	1.71348421420771
7410	1.71348421420771
7411	1.7101569203769
7412	1.68461164192558
7413	1.70136977116636
7414	1.65361713109814
7415	1.763244774349
7416	1.763244774349
7417	1.82623781825896
7418	1.77771781511183
7419	1.77771781511183
7420	1.74830218765419
7423	1.74830218765419
7424	1.65590618293936
7425	1.65590618293936
7426	1.57294693034055
7427	1.57294693034055
7428	1.62330782466961
7429	1.61904260269512
7430	1.46811921817789
7431	1.46811921817789
7432	1.5275518101007
7433	1.5275518101007
7434	1.51560954090019
7435	1.51845488272738
7440	1.51845488272738
7441	1.60716568790667
7442	1.56563940860724
7444	1.56563940860724
7445	1.5023722419719
7446	1.5023722419719
7447	1.45865013357616
7450	1.45865013357616
7451	1.43652411744552
7452	1.43505990435733
7453	1.41598067288578
7454	1.4333001058003
7455	1.37471267349611
7456	1.41463260852834
7457	0.824325569956272
7459	0.824325569956272
7460	0.839002719509153
7461	0.823528870248992
7462	0.823528870248992
7463	0.819648624619731
7464	0.808840032015723
7468	0.808840032015723
7469	0.782785914274427
7470	0.875321753883327
7471	0.875321753883327
7472	0.975816460777423
7473	0.975816460777423
7474	0.973733578914107
7475	1.08408547062572
7476	1.02174685650607
7477	0.97922557205311
7478	0.959124174598401
7479	0.986213738215156
7481	0.986213738215156
7482	1.00643529401714
7485	1.00643529401714
7486	0.913320819865476
7487	0.86885413552227
7488	0.819140004641667
7490	0.819140004641667
7491	0.747054616876994
7495	0.747054616876994
7496	0.769376849664695
7503	0.769376849664695
7504	0.81849468719156
7506	0.81849468719156
7507	0.927175489610818
7516	0.927175489610818
7517	0.910537533029128
7519	0.910537533029128
7520	0.969838095694286
7521	0.969838095694286
7522	0.896067828194646
7523	0.870603347135329
7525	0.870603347135329
7526	0.929035242537793
7531	0.929035242537793
7532	1.01703858612018
7533	1.01703858612018
7534	0.954805419558397
7539	0.954805419558397
7540	1.01840686097421
7541	0.965852347049804
7542	0.896181014424656
7543	0.896181014424656
7544	0.928692672609031
7545	1.02531077468302
7546	1.03346709717152
7548	1.03346709717152
7549	1.06151458737077
7550	1.06151458737077
7551	1.133542186868
7554	1.133542186868
7555	1.1355428562274
7556	1.09788435969313
7557	1.12262231554996
7558	1.19858517730609
7561	1.19858517730609
7562	1.26211550045264
7565	1.26211550045264
7566	1.16836872529166
7567	1.17847748793793
7568	1.17847748793793
7569	1.23077526969428
7570	1.23077526969428
7571	1.2183431032754
7578	1.2183431032754
7579	1.16845232405467
7580	1.16845232405467
7581	0.635610417411954
7582	0.680973869093577
7583	0.6656509891327
7585	0.6656509891327
7586	0.726645800059487
7590	0.726645800059487
7591	0.616191943874583
7592	0.599069320429408
7593	0.591056561675941
7594	0.510088498474943
7597	0.510088498474943
7599	0.55141087994707
7603	0.55141087994707
7604	0.606092125846772
7605	0.591935795553582
7606	0.591935795553582
7607	0.65203930624557
7608	0.65203930624557
7609	0.664288517218665
7611	0.664288517218665
7612	0.578696118547668
7615	0.578696118547668
7616	0.53978457006815
7617	0.62533693939622
7618	0.687142374281393
7619	0.71153681546275
7621	0.71153681546275
7622	0.650181353648804
7623	0.653102791558922
7624	0.684589920765575
7626	0.684589920765575
7627	0.692275555604283
7628	0.760728469806054
7630	0.760728469806054
7631	0.765703302582551
7632	0.734368225610524
7633	0.734368225610524
7634	0.755421108329756
7635	0.830407143799675
7636	0.788022722448659
7638	0.788022722448659
7639	0.796566249406169
7640	0.855013107087871
7642	0.855013107087871
7643	0.845829541431158
7644	0.756486561123893
7650	0.755212363132159
7651	0.775043236808415
7659	0.775043236808415
7660	0.8294161088088
7662	0.8294161088088
7663	0.937021016841754
7664	0.958129753904359
7665	0.958129753904359
7666	0.855339461249969
7667	0.855339461249969
7668	0.84911313187331
7669	0.870088955096435
7676	0.870088955096435
7677	0.787084389543452
7680	0.787084389543452
7681	0.774881770150387
7682	0.774881770150387
7683	0.694746842735185
7685	0.694746842735185
7686	0.629301700912038
7690	0.629301700912038
7691	0.596279288762162
7692	0.553525729821558
7694	0.553444478879101
7695	0.536589412356989
7696	0.536589412356989
7697	0.509577528227965
7698	0.509577528227965
7699	0.59332349750548
7700	0.59332349750548
7701	0.629031096610561
7703	0.629031096610561
7704	0.668855972711754
7705	0.686969798513019
7708	0.686969798513019
7709	0.737749573600013
7711	0.737749573600013
7712	0.732083191851416
7715	0.732083191851416
7716	0.617312603451865
7722	0.617312603451865
7723	0.650958236703445
7724	0.679216764296143
7725	0.676167329093005
7726	0.676167329093005
7727	0.652683271910064
7729	0.652683271910064
7730	0.669243934204133
7734	0.669243934204133
7735	0.730724991964962
7736	0.710932060406776
7737	0.736310697026056
7743	0.736310697026056
7744	0.758482541921694
7745	0.785380879126024
7746	0.82149458755157
7747	0.82149458755157
7748	0.836858544145798
7749	2.1995848814222
7751	2.1995848814222
7752	2.09581920965866
7753	2.14329591306159
7754	2.14329591306159
7755	2.1715572296489
7756	2.09974942055851
7758	2.09897986429132
7759	2.09897986429132
7760	1.97183099664471
7761	2.04636060458506
7762	2.04636060458506
7763	1.98654520267155
7764	1.92094730003373
7765	1.92094730003373
7766	1.8763080384997
7767	1.89082249623243
7768	1.81028034060364
7770	1.81028034060364
7771	1.84032439217481
7772	1.79572310213189
7773	1.79572310213189
7774	1.76050442843552
7775	1.76050442843552
7776	1.63929050251681
7777	1.63929050251681
7778	1.5999852237328
7779	1.57900658051949
7780	1.60440501456469
7781	1.61471658330629
7782	1.61471658330629
7783	1.57880474525155
7784	1.5762262313292
7785	1.61329737197593
7788	1.61329737197593
7789	1.59420280152699
7790	1.63586827047038
7791	1.7153367248211
7792	1.72339110519169
7796	1.72339110519169
7797	1.68598820521947
7798	1.67208858835875
7799	1.67208858835875
7800	1.70176721119788
7801	1.70176721119788
7802	1.60809167443222
7803	1.60809167443222
7804	1.60955541209842
7805	1.48118989933573
7807	1.48118989933573
7808	1.42452210190459
7809	1.42452210190459
7810	1.41746923387109
7811	1.38168337991374
7812	1.38168337991374
7813	1.34916106683886
7815	1.34916106683886
7816	1.33494711176172
7819	1.33494711176172
7820	1.36861177603714
7822	1.36861177603714
7823	1.29305924449363
7824	1.29305924449363
7825	1.34536650640075
7826	1.40982746625377
7827	1.42152691419324
7829	1.42152691419324
7830	1.54590107694821
7831	1.35864077867518
7834	1.35864077867518
7835	1.35020537258242
7836	1.4220505355479
7837	1.4220505355479
7838	1.36092649794591
7839	1.329726478667
7840	1.30592642996635
