24877	1.2495567969745
24880	1.2495567969745
24881	1.26196216817334
24882	1.15405838430888
24883	1.1493696376383
24884	1.20709806017112
24885	1.15114809688384
24887	1.15114809688384
24888	1.15325210756055
24889	1.21606470713232
24890	1.22649649378945
24891	1.19613060617121
24892	1.18004918150473
24893	1.15233471637112
24894	1.29081533342469
24897	1.29081533342469
24898	1.35091363862011
24900	1.35091363862011
24901	1.34893073927742
24902	1.346390273
24903	1.28778923150458
24904	1.15047460172354
24905	1.15047460172354
24906	1.15950143653026
24907	1.12954152261955
24908	1.15322376595577
24909	1.19219591116416
24910	1.20332761123427
24911	1.20332761123427
24912	1.21309452711284
24914	1.21309452711284
24915	1.26480219763107
24916	1.23818907474197
24917	1.20251238186029
24918	1.20251238186029
24919	1.15109671954633
24920	1.23217576348543
24921	1.17039538000608
24924	1.17039538000608
24925	1.17987439781064
24926	1.13644589317482
24927	1.13644589317482
24928	1.13856520008267
24929	1.1085093360125
24931	1.1085093360125
24932	1.15909887061935
24933	1.15909887061935
24934	1.20589958036362
24935	1.20589958036362
24936	1.13931378631969
24937	1.22112343026311
24938	1.22112343026311
24939	1.17445184024109
24940	1.17445184024109
24941	1.38644983956692
24942	1.29803382001774
24943	1.57802362781513
24944	1.58745075130719
24945	1.58749022588017
24946	1.83062058367068
24947	1.83062058367068
24948	1.87476923561189
24949	1.87476923561189
24950	1.85902353539859
24953	1.85902353539859
24954	1.9432170696673
24955	1.96602640551646
24956	1.96602640551646
24957	1.89879774503424
24958	1.89151721887538
24959	1.84227986054611
24960	1.91824417813405
24962	1.91824417813405
24963	1.88831189128177
24964	1.88831189128177
24965	1.83839240354064
24968	1.83839240354064
24969	1.79051216486187
24971	1.79051216486187
24972	1.63879887017902
24973	1.63879887017902
24974	1.65675053473751
24980	1.65675053473751
24981	1.65350180881069
24982	1.57366252006977
24983	1.59961431866395
24984	1.59961431866395
24985	1.63717010612163
24987	1.63717010612163
24988	1.61039951985367
24989	1.57893297684859
24990	1.54214414772287
24992	1.54214414772287
24993	1.51225435021479
24997	1.51225435021479
24998	1.53959424682034
24999	1.53414102332681
25000	1.53414102332681
25001	1.57754906217815
25002	1.58589180103081
25003	1.54889381554676
25004	1.56824298306674
25013	1.56824298306674
25014	1.59668094763765
25015	1.65005358894996
25017	1.65005358894996
25018	1.69949453360459
25019	1.69949453360459
25020	1.70800537693867
25025	1.70800537693867
25026	1.68802956844593
25027	1.68802956844593
25028	1.69929886659884
25030	1.69929886659884
25031	1.65305052874828
25032	1.74002200095856
25033	1.68572193331056
25034	1.69141193787436
25036	1.69141193787436
25037	1.72252164079691
25038	1.76169812465014
25039	1.76169812465014
25040	1.77702856399264
25041	1.71404661396446
25045	1.71404661396446
25046	1.69866600231035
25049	1.69862954987184
25050	1.66755611221743
25051	1.66755611221743
25052	1.70571285737242
25058	1.70571285737242
25060	1.60508234193912
25061	1.60508234193912
25062	1.57948204163404
25063	1.55073274173628
25064	1.55073274173628
25065	1.54474337388456
25067	1.54474337388456
25068	1.59869899015757
25069	1.64143022949065
25070	1.64143022949065
25071	1.61730795189578
25074	1.61730795189578
25075	1.67799599490172
25076	1.63427822147059
25077	1.63427822147059
25078	1.63052698757747
25079	1.67781106159237
25081	1.67781106159237
25082	1.71706388500388
25083	1.72841905750829
25084	1.7578555985674
25085	1.69701251712468
25088	1.69701251712468
25089	1.7564949046282
25090	1.74748274983722
25091	1.74748274983722
25092	1.74627438693278
25095	1.74627438693278
25096	1.72663475820809
25101	1.72696532807458
25102	1.74135616809872
25103	1.74135616809872
25104	1.75236358305483
25105	1.66424582056788
25106	1.72639157836602
25107	1.72639157836602
25108	1.71186038164524
25109	1.71186038164524
25110	1.69545016141274
25111	1.69545016141274
25112	1.49673957542109
25113	1.51975412537286
25114	1.56038740999793
25115	1.52886171443242
25120	1.52886171443242
25121	1.53397746672999
25122	1.51818123890553
25123	1.52138925818144
25124	1.56636770115438
25125	1.44598881186539
25127	1.44598881186539
25128	1.43597706872242
25129	1.43597706872242
25130	1.41385584394811
25131	1.41385584394811
25132	1.42195367235399
25133	1.47411966962318
25135	1.47411966962318
25136	1.47599692370932
25137	1.45071457228914
25138	1.45702925914884
25139	1.50991012081795
25140	1.59748136595954
25143	1.59748136595954
25144	1.60104813542057
25145	1.55494643974089
25146	1.54212084979372
25147	1.54212084979372
25148	1.51285152016499
25149	1.48147286111634
25150	1.48147286111634
25151	1.46578243404656
25152	1.46578243404656
25153	1.39883154720519
25154	1.38962809234727
25155	1.40353317675181
25156	1.3898510731633
25157	1.38275740848985
25158	1.33585502575079
25159	1.2660180335879
25160	1.34867531209602
25161	1.35474408205846
25162	1.31444000062038
25163	1.31444000062038
25164	1.30111652954292
25165	1.26261275104844
25166	1.28447361723738
25168	1.28447361723738
25169	1.29707364325805
25170	1.34324400270998
25171	1.34324400270998
25172	1.39205261842289
25173	1.3087708006824
25177	1.3087708006824
25178	1.31715068703124
25179	1.31715068703124
25180	1.3199393998766
25182	1.3199393998766
25183	1.34144107877728
25184	1.36828260416223
25185	1.37618842623124
25186	1.37618842623124
25187	1.34971436639171
25188	1.30168313005925
25189	1.30795461783418
25190	1.27092336400528
25191	1.25958502169306
25192	1.21468538452973
25193	1.16072024677487
25194	1.24594923992117
25195	1.24594923992117
25196	1.20359258162716
25199	1.20359258162716
25200	1.23448486026973
25205	1.23448486026973
25206	1.23980331713756
25207	1.2576920650863
25208	1.26467775755373
25210	1.26467775755373
25211	1.22750311499476
25213	1.22750311499476
25214	1.2682752010187
25215	1.2682752010187
25216	1.3283676419851
25218	1.3283676419851
25219	1.31170770258541
25222	1.31170770258541
25223	1.32133121644438
25224	1.28192593960921
25228	1.28192593960921
25229	1.26420829925337
25230	1.28599128668429
25231	1.27958810012569
25232	1.28304985613067
25234	1.28304985613067
25235	1.32139343758536
25237	1.32139343758536
25238	1.34653733251616
25239	1.24212404934224
25240	1.25685728483222
25244	1.25685728483222
25245	1.27385365896407
25246	1.27385365896407
25247	1.28919293039507
25248	1.26929625012781
25249	1.27078419227109
25250	1.35059348803043
25251	1.35059348803043
25252	1.39224985894907
25254	1.39224985894907
25255	1.40292662484717
25257	1.40292662484717
25258	1.44908776788361
25259	1.45418932835673
25260	1.45418932835673
25261	1.45612083080778
25262	1.48888714628265
25263	1.47389308243146
25264	1.42792614385326
25265	1.43768235501921
25266	1.41808343385128
25267	1.4270809464324
25268	1.43369970772255
25269	1.43369970772255
25270	1.44893206161214
25275	1.44893206161214
25276	1.4853068947159
25277	1.4853068947159
25278	1.46400460089717
25279	1.46400460089717
25280	1.4440846717589
25281	1.4440846717589
25282	1.43762470981892
25284	1.43762470981892
25285	1.44822559348904
25286	1.44822559348904
25287	1.46742662393444
25288	1.40134233397475
25289	1.46985179786134
25293	1.46985179786134
25294	1.49759787799485
25295	1.49759787799485
25296	1.52958716595458
25297	1.43650205592348
25299	1.43650205592348
25300	1.46992791199227
25301	1.49580796317969
25302	1.49580796317969
25303	1.45981225385549
25307	1.45981225385549
25308	1.46439236750302
25312	1.46439236750302
25313	1.43646428795546
25314	1.43646428795546
25315	1.43408615008593
25316	1.50558966170138
25318	1.50558966170138
25319	1.45713757730846
25320	1.45713757730846
25321	1.53533510377747
25323	1.53533510377747
25324	1.54522919833835
25325	1.51698361865419
25328	1.51698361865419
25329	1.4930174128931
25330	1.4930174128931
25331	1.49386109254192
25332	1.46767285960959
25333	1.46019714773502
25334	1.51905191214246
25335	1.60605617881083
25337	1.60605617881083
25338	1.63075188780931
25339	1.63075188780931
25340	1.63569245764666
25342	1.63569245764666
25343	1.69770140276887
25344	1.62662042625016
25345	1.69733730386724
25349	1.69733730386724
25350	1.6602595887307
25353	1.6602595887307
25354	1.64806928411781
25355	1.65976699431849
25359	1.65976699431849
25360	1.66767655308286
25362	1.66767655308286
25363	1.62986415640626
25365	1.62986415640626
25366	1.72473771750083
25367	1.72473771750083
25368	1.69998146319995
25369	1.67377422859499
25370	1.67377422859499
25371	1.64696509769419
25373	1.64696509769419
25374	1.67269737227252
25377	1.67269737227252
25378	1.64324748919535
25379	1.64324748919535
25380	1.6822230611142
25381	1.6822230611142
25382	1.68050493995543
25383	1.6306088971578
25384	1.65569453390344
25385	1.67905095814422
25386	1.66063561142073
25387	1.59857103666945
25388	1.73527094964447
25390	1.73527094964447
25391	1.74061402653751
25392	1.82701604271278
25393	1.85221660741081
25394	1.85221660741081
25395	1.85815944421847
25396	1.92587730508603
25397	1.9289523403786
25398	1.9289523403786
25399	1.92179484800363
25400	1.952007191132
25401	1.952007191132
25402	1.94392617778794
25404	1.94392617778794
25405	1.88201118358847
25406	1.89152130395087
25409	1.89152130395087
25410	1.87902124496031
25411	1.82201318670195
25416	1.82201318670195
25417	1.81033494097574
25418	1.81438852776773
25419	1.74098523218345
25420	1.74098523218345
25421	1.73673163132844
25422	1.68693340889877
25424	1.68693340889877
25425	1.68205232592663
25426	1.73632981369883
25427	1.7398051675118
25428	1.7398051675118
25429	1.8138125673795
25430	1.69224091191063
25432	1.69224091191063
25433	1.72836321112482
25434	1.74045466747339
25435	1.78271148448039
25438	1.78271148448039
25439	1.68968129306086
25440	1.69001971483885
25441	1.69891720619125
25442	1.69891720619125
25443	1.66590081193135
25444	1.62968613749763
25445	1.62968613749763
25446	1.59849577799832
25447	1.61510094199548
25448	1.58250938852871
25450	1.58250938852871
25451	1.64134127680882
25452	1.54174326006614
25453	1.48542506411104
25454	1.48542506411104
25455	1.55894957087366
25456	1.52220347561524
25458	1.52220347561524
25459	1.57882107197656
25462	1.57882107197656
25463	1.58099551884879
25464	1.61154185462874
25465	1.64454499931526
25466	1.60274600625053
25467	1.60274600625053
25468	1.69215324435936
25469	1.69215324435936
25470	1.67047914133582
25471	1.67047914133582
25472	1.60229650527253
25473	1.65438887822529
25474	1.65544485056671
25479	1.65544485056671
25480	1.63835508762713
25484	1.63835508762713
25485	1.65506853399711
25488	1.65506853399711
25489	1.70137584968688
25490	1.70137584968688
25491	1.52164335877387
25492	1.51129037921783
25493	1.4168836889985
25497	1.4168836889985
25498	1.44713586442958
25499	1.44713586442958
25500	1.5112272944898
25503	1.5112272944898
25504	1.53275359442341
25505	1.53275359442341
25506	1.5413141200188
25507	1.51383839253685
25508	1.53189701963129
25509	1.45788916103993
25511	1.45788916103993
25512	1.44558722471265
25513	1.44558722471265
25514	1.44265876706413
25517	1.44265876706413
25518	1.50280512947938
25520	1.50280512947938
25521	1.58834246595143
25522	1.58296029258418
25523	1.58296029258418
25524	1.54409738092363
25526	1.54409738092363
25527	1.50802974828548
25528	1.4620404358684
25530	1.4620404358684
25531	1.41415663953376
25534	1.41415663953376
25535	1.45744434172593
25538	1.45744434172593
25539	1.46044806043574
25540	1.41489171832654
25541	1.44550530004926
25542	1.44550530004926
25543	1.47506129114845
25544	1.47506129114845
25545	1.51277866951932
25546	1.51277866951932
25547	1.48620860883238
25548	1.43570896402525
25549	1.42820849840791
25550	1.47619029253838
25551	1.52575936893845
25552	1.48286144129816
25554	1.48286144129816
25555	1.45346654633613
25557	1.45346654633613
25558	1.44438442066894
25561	1.44438442066894
25562	1.44281281129952
25563	1.44281281129952
25564	1.55293524567969
25565	1.55293524567969
25566	1.56808221646861
25567	1.56808221646861
25568	1.60802083253293
25571	1.60802083253293
25572	1.57355092281796
25583	1.57355092281796
25584	1.55803826957708
25585	1.49967481177373
25586	1.47629080715342
25588	1.47629080715342
25589	1.5126580148717
25590	1.62063422946812
25591	1.57912474598197
25592	1.59623845292663
25594	1.59623845292663
25595	1.5938423040534
25596	1.5938423040534
25597	1.60638741314324
25598	1.64096137498564
25599	1.60331965731166
25600	1.60331965731166
25601	1.61871056524978
25602	1.62579407892554
25603	1.62579407892554
25604	1.63430769275874
25606	1.63430769275874
25607	1.60699885784197
25608	1.60699885784197
25609	1.65369703465694
25610	1.65369703465694
25611	1.70273794722743
25616	1.70273794722743
25617	1.7038755282847
25625	1.7038755282847
25626	1.68109167492003
25627	1.67313315229694
25628	1.74617651001972
25629	1.70754244763157
25630	1.70754244763157
25631	1.78551753193824
25632	1.71912841861922
25633	1.71912841861922
25634	1.6797864056025
25635	1.70404494606919
25636	1.67986210132585
25637	1.67986210132585
25638	1.63927045074161
25639	1.63927045074161
25640	1.65367788526419
25642	1.65367788526419
25643	1.63482701994508
25644	1.62127890540069
25646	1.62127890540069
25647	1.63862387790505
25648	1.63862387790505
25649	1.65163084598316
25650	1.57393047923688
25651	1.57393047923688
25652	1.55279895241256
25653	1.55279895241256
25654	1.55594685724282
25655	1.49342401924878
25656	1.6128138197455
25657	1.6128138197455
25658	1.56820906870416
25659	1.56820906870416
25660	1.56370176960627
25661	1.58624304103068
25662	1.59011351142908
25663	1.59011351142908
25664	1.60908866998216
25665	1.64322193104454
25673	1.64322193104454
25674	1.59470373009026
25675	1.60910575132948
25676	1.59380367936683
25677	1.67044824044933
25678	1.6288980748941
25679	1.6288980748941
25680	1.57840880841104
25681	1.62179810665839
25682	1.62179810665839
25683	1.65056077435656
25684	1.65056077435656
25685	1.6226149985232
25688	1.6226149985232
25689	1.56689318695862
25690	1.60936320355177
25691	1.51641891263716
25692	1.51641891263716
25693	1.52791866219923
25694	1.52791866219923
25695	1.54978201260019
25696	1.54978201260019
25697	1.5322773559601
25698	1.54496307750742
25700	1.54496307750742
25701	1.58354314170356
25702	1.5941410870837
25703	1.58056502341788
25705	1.58056502341788
25706	1.62853106427428
25707	1.62853106427428
25708	1.55214258563501
25709	1.52798409655225
25711	1.52798409655225
25712	1.52494267787915
25713	1.56820337668614
25715	1.56820337668614
25716	1.53843309622607
25717	1.53775076740931
25718	1.54339885125228
25719	1.55871604842469
25721	1.55871604842469
25722	1.61295410624007
25723	1.6166071955995
25724	1.61206067699459
25725	1.64083322969964
25727	1.64083322969964
25728	1.63004685846681
25729	1.63004685846681
25730	1.51841862398578
25733	1.51841862398578
25734	1.52287168235125
25736	1.52287168235125
25737	1.50626893250956
25738	1.50626893250956
25739	1.53362241477225
25741	1.53362241477225
25742	1.51837562884248
25744	1.51837562884248
25745	1.50337497350847
25746	1.50337497350847
25747	1.57738763513771
25748	1.57738763513771
25749	1.51205292466329
25750	1.51205292466329
25751	1.52164477950646
25753	1.52164477950646
25754	1.47493059653425
25755	1.51850303606261
25761	1.51850303606261
25762	1.48450193637109
25763	1.4877266947442
25764	1.4877266947442
25765	1.51506431110465
25766	1.51506431110465
25767	1.49277824579985
25768	1.5060119695554
25769	1.49296239923569
25770	1.49296239923569
25771	1.45271594813676
25773	1.45250580187712
25774	1.49405041220598
25775	1.48439992314889
25777	1.48439992314889
25778	1.53328044676527
25779	1.54671929190954
25780	1.54671929190954
25781	1.57875071580565
25782	1.63605952079524
25785	1.63605952079524
25786	1.61981014132107
25787	1.55308622049415
25788	1.56923948196345
25789	1.53590057428664
25792	1.53590057428664
25793	1.49584066488387
25794	1.49584066488387
25795	1.54231336334487
25796	1.54231336334487
25797	1.52344808816997
25800	1.52344808816997
25801	1.52499407211508
25802	1.52499407211508
25803	1.50899043790923
25807	1.50899043790923
25808	1.4731607470203
25810	1.4731607470203
25811	1.63083731025472
25812	1.65516803567516
25816	1.65516803567516
25817	1.70249422959387
25818	1.70133510866435
25819	1.75224494470604
25820	1.70747455466335
25821	1.79736994349878
25822	1.74155501284622
25823	1.74155501284622
25824	1.73269320668987
25825	1.73269320668987
25826	1.68680474491703
25827	1.7232277114781
25829	1.7232277114781
25830	1.73699377794401
25831	1.73699377794401
25832	1.82885538802293
25834	1.82885538802293
25835	1.8459245826416
25836	1.78286540258705
25837	1.83391834536815
25838	1.80626887712788
25839	1.78897449984652
25840	1.78897449984652
25841	1.83301115741779
25842	1.83301115741779
25843	1.82054022301963
25844	1.7628274167364
25845	1.7628274167364
25846	1.83940690748204
25847	1.83940690748204
25848	1.81029869954727
25849	1.82017912374431
25851	1.82017912374431
25852	1.80198803935491
25853	1.72077155673833
25854	1.72686232673732
25855	1.72686232673732
25856	1.65743651598314
25857	1.63881667033274
25858	1.63881667033274
25859	1.69025014612271
25860	1.69307103657411
25861	1.70477833203768
25862	1.80964529096309
25863	1.82268299854695
25864	1.77174405805636
25865	1.77174405805636
25866	1.75604892745469
25868	1.75604892745469
25869	1.68199018598898
25870	1.71387716629033
25872	1.71387716629033
25873	1.76748643459359
25874	1.76748643459359
25875	1.82297569627553
25876	1.76736223983607
25877	1.76736223983607
25878	1.71108807629935
25879	1.71108807629935
25880	1.71755691776707
25882	1.71755691776707
25883	1.65570574616504
25884	1.68338355439846
25886	1.68338355439846
25887	1.70184398146012
25888	1.68572162436976
25889	1.68572162436976
25890	1.75930103447536
25891	1.71461287016427
25892	1.64212902472718
25893	1.64212902472718
25894	1.63568654708797
25896	1.63568654708797
25897	1.69933902181583
25898	1.69268728884344
25899	1.69268728884344
25900	1.70945148459941
25902	1.70945148459941
25903	1.67917396467237
25904	1.62506838288391
25905	1.68103931271617
25906	1.64177009473133
25907	1.62274932138462
25908	1.67623383059617
25909	1.67623383059617
25910	1.67392649454268
25912	1.67392649454268
25913	1.68334189289817
25914	1.71468960670245
25916	1.71468960670245
25917	1.67776032226175
25918	1.67776032226175
25919	1.65470935081612
25920	1.65470935081612
25921	1.6954826446381
25922	1.68102099934913
25923	1.70566413205961
25924	1.70566413205961
25925	1.71145830980822
25926	1.71145830980822
25927	1.69136487440483
25928	1.69136487440483
25929	1.7356228921999
25930	1.70457857521615
25931	1.73778285031585
25932	1.74360698806049
25933	1.72908403000474
25934	1.7537891959073
25935	1.7537891959073
25936	1.73622807103311
25937	1.73622807103311
25938	1.74502103874693
25939	1.69133762120327
25940	1.70553178275077
25941	1.70553178275077
25942	1.68340223223277
25943	1.68340223223277
25944	1.64896464846606
25945	1.65621739800554
25946	1.69533393279926
25947	1.69533393279926
25948	1.63973805605929
25950	1.63973805605929
25951	1.71391567765386
25952	1.70018835855444
25955	1.70018835855444
25956	1.69867987260659
25957	1.69867987260659
25958	1.63523964859996
25960	1.63523964859996
25961	1.6262709478433
25962	1.6262709478433
25963	1.63683371157458
25965	1.63683371157458
25966	1.60641068261612
25967	1.60641068261612
25968	1.62847455941665
25969	1.52201896643237
25972	1.52201896643237
25973	1.52729827748408
25974	1.52729827748408
25975	1.53687755889405
25976	1.5528443510193
25977	1.52565657945161
25979	1.52565657945161
25980	1.49004912667442
25981	1.49004912667442
25982	1.51661747440812
25983	1.51661747440812
25984	1.50726266639685
25985	1.50218748017869
25986	1.48806955967666
25988	1.48806955967666
25989	1.54309347962771
25990	1.61037607317849
25991	1.64372144327717
25992	1.63717229885879
25993	1.72134765789087
25994	1.69757917747847
25996	1.69757917747847
25997	1.61975048897875
25998	1.61538734223359
26000	1.61538734223359
26001	1.64616291515631
26002	1.62837299924286
26003	1.62837299924286
26004	1.61584040398884
26005	1.61584040398884
26006	1.61202596159637
26007	1.70214549145749
26008	1.70214549145749
26009	1.69508738014702
26010	1.64441813136727
26011	1.66166010672168
26012	1.63935883959493
26013	1.5982789186528
26014	1.5982789186528
26015	1.52814332177513
26019	1.52814332177513
26020	1.5594359784991
26021	1.50335824240392
26022	1.50300395438899
26023	1.52448588844345
26028	1.52448588844345
26029	1.533751181767
26031	1.533751181767
26032	1.5213296438269
26033	1.55790624667134
26034	1.55790624667134
26035	1.53130566834807
26036	1.5329245007706
26037	1.56302067576689
26038	1.4399422799579
26039	1.42252866831404
26042	1.42252866831404
26043	1.40273250548853
26044	1.37945765969562
26046	1.37945765969562
26047	1.33320300804917
26048	1.339742092714
26049	1.35485845362564
26050	1.41040976983277
26053	1.41040976983277
26054	1.43470461294783
26055	1.3717316156617
26056	1.39634297493467
26057	1.39232652419741
26058	1.46017857457628
26059	1.4618739899488
26060	1.45580297108609
26061	1.38431548250082
26062	1.38431548250082
26063	1.42058493813602
26064	1.46310601817822
26065	1.5229777345703
26066	1.46073377721768
26067	1.41777565846132
26068	1.40972808510924
26069	1.42669369955911
26070	1.49824411261943
26071	1.50701111920353
26072	1.51629961407889
26073	1.55358657572651
26074	1.55358657572651
26075	1.58427716487495
26076	1.55935981632865
26077	1.55935981632865
26078	1.50841150942506
26079	1.50841150942506
26080	1.55334861571828
26081	1.52965828644665
26082	1.61331504601549
26083	1.58900508941588
26084	1.5615888888351
26085	1.62881248365011
26087	1.62881248365011
26088	1.60364212744025
26089	1.58472132368843
26091	1.58472132368843
26092	1.58072710861961
26094	1.58072710861961
26095	1.59648890440803
26096	1.59648890440803
26097	1.44818357265831
26098	1.46712467467296
26099	1.47733437628267
26102	1.47733437628267
26103	1.40428139623691
26104	1.40428139623691
26105	1.40636949437976
26106	1.40636949437976
26107	1.45031079275577
26108	1.45586434013967
26109	1.54280835842656
26110	1.55805072841031
26111	1.48302420489927
26112	1.46811405774497
26114	1.54525064990958
26115	1.54525064990958
26116	1.50106284562571
26117	1.50106284562571
26118	1.47522040405966
26119	1.47522040405966
26120	1.50908309683655
26121	1.46835480646769
26122	1.43039815597149
26123	1.45099094253601
26124	1.45099094253601
26125	1.4496618460762
26126	1.43360471940468
26127	1.43360471940468
26128	1.4220775384747
26129	1.41288827801327
26131	1.41288827801327
26132	1.48814139220849
26134	1.48814139220849
26135	1.46518176537211
26136	1.4102180636728
26137	1.4498092867143
26139	1.4498092867143
26140	1.46514850011954
26141	1.45731765683013
26143	1.45731765683013
26144	1.42006794600456
26145	1.42006794600456
26146	1.4716946631379
26147	1.55705258532907
26149	1.55705258532907
26150	1.49211288956576
26151	1.49211288956576
26152	1.5243356513347
26153	1.5243356513347
26154	1.52290131070913
26155	1.47895433300073
26157	1.47895433300073
26158	1.50882384259603
26160	1.50882384259603
26161	1.47796202320023
26162	1.47796202320023
26163	1.44345897627863
26164	1.39595236308378
26165	1.39595236308378
26166	1.34391871495973
26167	1.34391871495973
26168	1.39129327610135
26169	1.34433536164579
26170	1.34433536164579
26171	1.34845849725389
26174	1.34845849725389
26175	1.39228654196268
26176	1.46462851550314
26177	1.46462851550314
26178	1.37613640481504
26179	1.34689360158518
26180	1.33285850247921
26181	1.33285850247921
26182	1.33435575573094
26183	1.38134943009209
26187	1.38134943009209
26188	1.40641491665519
26189	1.40641491665519
26190	1.40195244900679
26191	1.40195244900679
26192	1.44189998563525
26193	1.44189998563525
26194	1.42643728923213
26195	1.42643728923213
26196	1.38691613898118
26197	1.42154919012319
26198	1.41437310271795
26199	1.34732604096644
26200	1.38585921350023
26201	1.38585921350023
26202	1.49073945132113
26203	1.48461864400451
26204	1.47119825868867
26205	1.47119825868867
26206	1.40577349548403
26209	1.40577349548403
26210	1.4041996357264
26211	1.33273311334779
26212	1.36494089115877
26213	1.35545189896948
26214	1.32827681635899
26215	1.32827681635899
26216	1.35949827011791
26217	1.36644591016739
26218	1.38281178742909
26219	1.38281178742909
26220	1.34081351841451
26221	1.22791604405938
26222	1.29648804861063
26225	1.29648804861063
26226	1.37438005238073
26227	1.36917584875482
26230	1.36917584875482
26231	1.38643139429041
26234	1.38643139429041
26235	1.26599523889308
26237	1.26599523889308
26238	1.33200053321707
26239	1.41418221944696
26240	1.40619518142194
26241	1.39045575161072
26242	1.32909106486113
26243	1.32909106486113
26244	1.22551103950173
26248	1.22551103950173
26249	1.21099188282824
26250	1.23716376741504
26251	1.23187130381848
26253	1.23187130381848
26254	1.19600567733141
26255	1.19600567733141
26256	1.24056502864187
26257	1.19184855980711
26258	1.19184855980711
26259	1.22628972694656
26260	1.23743842349359
26267	1.23743842349359
26268	1.21855249884175
26269	1.25112905837159
26270	1.25112905837159
26271	1.28425777002849
26272	1.28425777002849
26273	1.27556579009251
26274	1.26972406155619
26275	1.3206711037783
26276	1.33831567482412
26277	1.33831567482412
26278	1.2927724493602
26279	1.30210553733559
26280	1.29809962810032
26281	1.27568761780276
26282	1.27568761780276
26283	1.34649965491917
26284	1.34649965491917
26285	1.33730115750222
26286	1.28673420445557
26287	1.22846405068412
26290	1.22846405068412
26291	1.27234566185143
26292	1.35013749352947
26293	1.35013749352947
26294	1.38998460765288
26295	1.39320821849833
26296	1.41543988654666
26297	1.40362283847935
26298	1.46102278989929
26299	1.46102278989929
26300	1.50515505030853
26301	1.49131280622169
26302	1.4636603646868
26303	1.45982388621633
26306	1.45982388621633
26307	1.38552337237343
26308	1.40557079371865
26309	1.43321285906495
26310	1.38041048325977
26311	1.42444497261022
26312	1.46599998290185
26313	1.42542884499926
26314	1.43183044984107
26315	1.32479763559604
26316	1.32479763559604
26317	1.32065254787085
26318	1.28733655262113
26319	1.22339308802111
26322	1.22339308802111
26323	1.22616679234852
26324	1.26402362066074
26325	1.26402362066074
26326	1.32771451277949
26327	1.32771451277949
26328	1.34178351889204
26329	1.34178351889204
26330	1.31727170357408
26331	1.37415185404097
26332	1.44756006466559
26334	1.44756006466559
26335	1.50657779992252
26336	1.55665064549612
26339	1.55665064549612
26340	1.53681592965222
26341	1.54464409063075
26342	1.56073908414328
26348	1.56073908414328
26349	1.59855633686311
26350	1.57472860252528
26351	1.57472860252528
26352	1.55856102418329
26353	1.55856102418329
26354	1.54767123675629
26355	1.57967252891103
26356	1.52583581618819
26357	1.51611449907796
26358	1.37398971893344
26359	1.37398971893344
26360	1.35640965974744
26362	1.35640965974744
26363	1.43438619922745
26364	1.43547242775094
26365	1.42877996666357
26367	1.42877996666357
26368	1.32128359303533
26369	1.27881654635712
26371	1.27881654635712
26372	1.27462532652135
26373	1.28693466139157
26374	1.35356182004034
26375	1.34055358807382
26376	1.38681551390255
26377	1.38681551390255
26378	1.35771461174954
26379	1.35771461174954
26380	1.40057762138167
26381	1.40057762138167
26382	1.33919179132135
26385	1.33919179132135
26386	1.38523923196772
26387	1.35554463124208
26390	1.35554463124208
26391	1.29213624732802
26392	1.30526445249052
26393	1.31777444393447
26395	1.31777444393447
26396	1.2421308422563
26397	1.19495925794763
26398	1.17511418654249
26400	1.17511418654249
26401	1.18486663999647
26402	1.15188707522611
26403	1.188242793065
26404	1.26028188831697
26405	1.26028188831697
26406	1.26826108322348
26407	1.26826108322348
26408	1.42192338397945
26409	1.47528600006262
26410	1.47528600006262
26411	1.42271605514179
26412	1.42679753280026
26413	1.43491499555967
26415	1.43491499555967
26416	1.46504867985277
26418	1.55457021675102
26419	1.63895412491911
26420	1.63869509383221
26421	1.61114196827111
26423	1.61114196827111
26424	1.612890887307
26425	1.62406644680959
26427	1.62406644680959
26428	1.58838212751289
26429	1.58838212751289
26430	1.6129151803616
26431	1.58844496743404
26432	1.6494843512628
26433	1.6579253971031
26434	1.61584736622535
26436	1.61584736622535
26437	1.58677853879999
26438	1.56824893832163
26440	1.56824893832163
26441	1.56769029886709
26442	1.60229086903564
26443	1.60229086903564
26444	1.63751719176798
26445	1.64149670873667
26446	1.64149670873667
26447	1.52112548267542
26449	1.52112548267542
26450	1.56174428447775
26451	1.53264610231781
26453	1.53264610231781
26454	1.52505090957493
26455	1.50944561968572
26457	1.50944561968572
26458	1.47343973517854
26461	1.47343973517854
26462	1.49717643047188
26463	1.47166140512491
26465	1.47166140512491
26466	1.50858484792479
26468	1.50858484792479
26469	1.53247131823809
26470	1.48705802199402
26471	1.34915949787683
26474	1.34915949787683
26475	1.37086294153414
26478	1.37086294153414
26479	1.32117291591203
26480	1.27888627213179
26481	1.2970240211107
26482	1.38894624402747
26483	1.46075917151029
26484	1.40218283808645
26485	1.40218283808645
26486	1.39269992116533
26487	1.43781185986518
26489	1.43781185986518
26490	1.36829556337398
26491	1.36829556337398
26492	1.34017815998959
26493	1.33329384084573
26494	1.33473660831442
26495	1.42184390816328
26496	1.42184390816328
26497	1.50301703538571
26498	1.50301703538571
26499	1.50909187382058
26500	1.63482769261464
26501	1.63482769261464
26502	1.65849126970716
26504	1.65849126970716
26505	1.67881038021369
26506	1.66322375480377
26507	1.64365579346486
26508	1.5683119935893
26509	1.5683119935893
26510	1.51326309788783
26513	1.51326309788783
26514	1.45469839785073
26516	1.45469839785073
26517	1.42249595300746
26518	1.41393913647698
26519	1.41393913647698
26520	1.36277530077496
26521	1.36277530077496
26522	1.42955388844348
26523	1.53266508309753
26524	1.53266508309753
26525	1.53027541626216
26526	1.60378781852705
26528	1.60378781852705
26529	1.63323767091424
26531	1.63323767091424
26532	1.59053511626553
26533	1.59053511626553
26534	1.6472099775383
26535	1.69413599719337
26538	1.69413599719337
26539	1.17962007762617
26549	1.17962007762617
26550	1.26154070363191
26551	1.22733990763663
26552	1.22733990763663
26553	1.26121094240079
26554	1.23625616161735
26555	1.26228578464361
26556	1.26228578464361
26557	1.22937087445825
26558	1.22937087445825
26559	1.28840245729225
26560	1.23712772701765
26561	1.24348050785557
26566	1.24348050785557
26567	1.17589665668493
26568	1.17589665668493
26569	1.19251408629498
26572	1.19251408629498
26573	1.19559451096211
26574	1.20315938479689
26575	1.23662503204105
26576	1.23662503204105
26577	1.3068203163275
26578	1.26890836511302
26579	1.33872188580062
26584	1.33872188580062
26585	1.24403863818588
26588	1.24403863818588
26589	1.19783789043868
26600	1.19783789043868
26601	1.25100967616891
26602	1.25100967616891
26603	1.30604824779584
26604	1.30604824779584
26605	1.27214159847063
26606	1.25353700216874
26607	1.25255234006545
26608	1.2832357645857
26610	1.2832357645857
26611	1.22391041087758
26615	1.22391041087758
26616	1.24254711292815
26617	1.24254711292815
26618	1.28368754656913
26625	1.28368754656913
26626	1.26185446632007
26628	1.26185446632007
26629	1.21074041756219
26633	1.21074041756219
26634	1.20311484033664
26635	1.20311484033664
26636	1.20675145138739
26638	1.20675145138739
26639	1.19284685009552
26650	1.19284685009552
26651	1.28651536381585
26653	1.28651536381585
26654	1.24092672055122
26655	1.24092672055122
26656	1.12181728483483
26657	1.06962750224193
26659	1.06962750224193
26660	1.48955988392845
26661	1.44156268474035
26664	1.44156268474035
26665	1.42732810335292
26667	1.42732810335292
26668	1.42321441022432
26669	1.42321441022432
26670	1.43030593488584
26671	1.4048601814502
26672	1.39804369776175
26674	1.39804369776175
26675	1.36521047646602
26676	1.36521047646602
26677	1.40392750570027
26678	1.4472239283823
26679	1.4202703426381
26680	1.43371348229994
26681	1.43371348229994
26682	1.45820349206406
26683	1.41015189109021
26684	1.37314197084197
26685	1.37314197084197
26686	1.38235273187092
26691	1.38235273187092
26692	1.43666292876878
26695	1.43666292876878
26696	1.45554027598337
26697	1.45554027598337
26698	1.52283407035793
26700	1.52283407035793
26701	1.58137719363367
26702	1.55884931253604
26703	1.55092965851873
26705	1.55092965851873
26706	1.62399179333806
26707	1.62399179333806
26708	1.65191496591069
26709	1.64634290055619
26710	1.64198311497967
26711	1.58638599325423
26712	1.58638599325423
26713	1.55181826236731
26714	1.61598733656501
26715	1.61598733656501
26716	1.60712046951448
26717	1.60712046951448
26718	1.66530487917407
26723	1.66530487917407
26724	1.60729103995618
26727	1.60729103995618
26728	1.65587531663186
26729	1.65587531663186
26730	1.66459511547873
26731	1.66459511547873
26732	1.68262874732682
26733	1.71151816706697
26736	1.71151816706697
26737	1.64431045722449
26738	1.67447925371744
26742	1.67447925371744
26743	1.63037135173363
26751	1.62987010041252
26752	1.64223524510817
26754	1.64223524510817
26755	1.59453290106467
26756	1.62396045339847
26757	1.62396045339847
26758	1.65550992665885
26760	1.65550992665885
26761	1.62727559364794
26762	1.62727559364794
26763	1.64502826967146
26764	1.61208319071739
26766	1.61208319071739
26767	1.62681348785918
26768	1.62681348785918
26769	1.58802070433376
26770	1.57579700105998
26771	1.57579700105998
26772	1.53381552551582
26774	1.53381552551582
26775	1.56664513909709
26776	1.47182959340353
26779	1.47182959340353
26780	1.43578910300494
26785	1.43578910300494
26786	1.43438190978122
26787	1.43438190978122
26788	1.40054043218697
26789	1.40054043218697
26790	1.42962553234247
26791	1.49640962994454
26793	1.49640962994454
26794	1.42093954307347
26795	1.40050750163937
26796	1.49610814025436
26797	1.47996180611881
26798	1.47648930100331
26799	1.44497115498234
26800	1.37819673493868
26801	1.37819673493868
26802	1.4176413539135
26806	1.4176413539135
26807	1.42685023568629
26811	1.42685023568629
26812	1.40572152890672
26813	1.36859400056346
26816	1.36859400056346
26817	1.38698866782579
26818	1.39753847929751
26819	1.39753847929751
26820	1.41756888056261
26823	1.41756888056261
26824	1.43083915589887
26825	1.43083915589887
26826	1.38081935745868
26828	1.38081935745868
26829	1.33401188019707
26830	1.33853298208123
26832	1.33853298208123
26833	1.26810403092531
26834	1.26375881736749
26835	1.26375881736749
26836	1.168619224547
26837	1.19218433208516
26838	1.19218433208516
26839	1.2122488399873
26841	1.2122488399873
26842	1.23473341864155
26843	1.27793423371622
26844	1.34129426919753
26846	1.34129426919753
26847	1.29387908667923
26848	1.25024110122104
26849	1.25024110122104
26850	1.21871629244197
26857	1.21871629244197
26858	1.23555549088996
26860	1.20766951382393
26861	1.2658282510929
26862	1.22047335114985
26863	1.23510181990059
26866	1.23510181990059
26867	1.24970852881961
26869	1.24970852881961
26870	1.27529309253441
26872	1.27529309253441
26873	1.24862186335668
26874	1.18901988943617
26875	1.2500950449903
26876	1.2500950449903
26877	1.29206360195531
26878	1.2359301873912
26879	1.29944797854114
26880	1.29944797854114
26881	1.32459537210525
26882	1.28080094205143
26883	1.31049049144713
26884	1.62998756324669
26885	1.63641804700819
26886	1.62857651787999
26887	1.47784978416894
26890	1.47784978416894
26891	1.42314211043413
26892	1.42314211043413
26893	1.38687686052435
26894	1.38687686052435
26895	1.42227378181997
26896	1.49383119749473
26900	1.49383119749473
26901	1.42833589895963
26902	1.42196422820052
26905	1.42196422820052
26906	1.47123986039514
26907	1.48805601416097
26909	1.48805601416097
26910	1.46619199440829
26911	1.46619199440829
26912	1.4086463573185
26913	1.4086463573185
26914	1.43886566090805
26916	1.43886566090805
26917	1.44422016439057
26918	1.4320954730465
26919	1.4680836344487
26920	1.53714581119129
26921	1.51489524746285
26922	1.51489524746285
26923	1.52058149131335
26924	1.45787096949061
26926	1.45787096949061
26927	1.50450746454226
26928	1.46583869760434
26929	1.50562302645631
26933	1.50562302645631
26934	1.45395804321379
26935	1.45395804321379
26936	1.39632082452226
26937	1.43684904099428
26938	1.49637236160561
26939	1.49637236160561
26940	1.53558595772483
26942	1.53558595772483
26943	1.56234011807101
26944	1.43406826108912
26945	1.43575419620538
26947	1.43575419620538
26948	1.40399389915547
26949	1.40399389915547
26950	1.37788790389823
26951	1.3995751873772
26953	1.3995751873772
26954	1.39133403011147
26955	1.37404467119268
26956	1.43011543556349
26957	1.40961906568918
26963	1.40961906568918
26964	1.4211858791823
26965	1.40628204544191
26966	1.50151093438399
26967	1.50151093438399
26968	1.46373467118246
26969	1.4245511849731
26970	1.4245511849731
26971	1.38168916455106
26973	1.38168916455106
26974	1.28213100781795
26975	1.33764659263397
26976	1.33764659263397
26977	1.40817201403115
26978	1.40817201403115
26979	1.52527906442629
26980	1.45946446171001
26981	1.44438316514425
26984	1.44461907527148
26985	1.53003320276548
26987	1.53003320276548
26988	1.52558751703327
26989	1.52750599162027
26990	1.54457343815011
26994	1.54457343815011
26995	1.4545794576261
26996	1.47049785650597
26998	1.47049785650597
26999	1.43514610578495
27000	1.41631441928257
27001	1.39125216022512
27007	1.39125216022512
27008	1.43671789799919
27009	1.37488973209474
27010	1.43623130626656
27011	1.44888010163049
27012	1.44994682148536
27013	1.45710457774112
27014	1.47272215666453
27015	1.43760303839008
27021	1.43760303839008
27022	1.42123515276398
27023	1.42123515276398
27024	1.5174517112755
27025	1.63820497541019
27026	1.64407159036273
27027	1.64169981473606
27028	1.61581359806587
27029	1.66313077571613
27030	1.58506789915191
27031	1.58506789915191
27032	1.60968435809991
27033	1.51773181016688
27034	1.4664830376023
27035	1.50195804936084
27036	1.50195804936084
27037	1.51034003824316
27039	1.51034003824316
27040	1.56050471686467
27041	1.56050471686467
27042	1.54046880351962
27043	1.52654539797004
27044	1.53591137817057
27045	1.44095959526021
27046	1.39595092698437
27047	1.39595092698437
27048	1.38938010278798
27049	1.38938010278798
27050	1.400464165843
27054	1.400464165843
27055	1.52068801353744
27056	1.52068801353744
27057	1.46493770130473
27058	1.45816548929361
27059	1.43260303210627
27060	1.4203054261634
27061	1.48147736551982
27062	1.48147736551982
27063	1.4858232447732
27064	1.49240364275465
27065	1.49240364275465
27066	1.42321002360768
27067	1.42321002360768
27068	1.44988526725137
27069	1.44302908959799
27073	1.44302908959799
27074	1.48342022205907
27075	1.48342022205907
27076	1.4711599330185
27077	1.4711599330185
27078	1.4770399585359
27079	1.4770399585359
27080	1.41247968534299
27083	1.41247968534299
27084	1.38769425416831
27085	1.42110982127633
27086	1.49771717228577
27087	1.49771717228577
27088	1.4923838486211
27089	1.48310102421237
27090	1.53598593811694
27091	1.53598593811694
27092	1.49290116699194
27093	1.50724997112411
27094	1.49065212615096
27095	1.49065212615096
27096	1.43323237872028
27097	1.43323237872028
27098	1.4239100291561
27100	1.4239100291561
27101	1.47047241571272
27104	1.47047241571272
27105	1.49796390656047
27106	1.49796390656047
27107	1.59632844245789
27108	1.6975776650761
27109	1.68284104048143
27110	1.68284104048143
27111	1.714933221916
27113	1.714933221916
27114	1.71221598975171
27115	1.77153422452102
27116	1.77153422452102
27117	1.76311451684887
27119	1.76311451684887
27120	1.82980902513737
27121	1.81788937838064
27122	1.8003445015529
27123	1.8003445015529
27124	1.82874113050275
27125	1.84152726635511
27126	1.82760679841158
27127	1.82760679841158
27128	1.87616916407569
27129	1.86157713049397
27130	1.90514498664925
27131	1.90514498664925
27132	1.8575274278046
27133	1.8575274278046
27134	1.79372087321826
27136	1.79372087321826
27137	1.7321537061689
27138	1.77517878573417
27139	1.77517878573417
27140	1.73691246579256
27141	1.66396678206002
27143	1.66396678206002
27144	1.65271153732465
27145	1.69954118433452
27147	1.69954118433452
27148	1.78864407484434
27149	1.77927805279978
27152	1.77927805279978
27153	1.74953409014415
27156	1.74953409014415
27157	1.82134899014272
27158	1.82134899014272
27159	1.78428455865651
27161	1.78428455865651
27162	1.55067071961093
27163	1.55827727051292
27164	1.60671766826272
27165	1.58232624725497
27166	1.52844347980135
27167	1.51963915443412
27168	1.5523998171775
27170	1.5523998171775
27171	1.54214456016052
27173	1.54214456016052
27174	1.60305505376891
27175	1.65018500672159
27179	1.65018500672159
27180	1.62555852095466
27181	1.67048848521154
27182	1.6660826585321
27183	1.62861345084457
27184	1.62861345084457
27185	1.60599428767455
27186	1.59251972905986
27187	1.62998513400817
27190	1.62998513400817
27191	1.7013851023512
27192	1.74658530119996
27193	1.74658530119996
27194	1.72617430191167
27195	1.7195151731612
27197	1.71992271379349
27198	1.71992271379349
27199	1.76997237946125
27201	1.76997237946125
27202	1.7279216940442
27203	1.72621747307858
27204	1.71467413782011
27205	1.71039648265651
27206	1.72856373684408
27207	1.72663808545622
27208	1.69921441529732
27209	1.7576564965857
27210	1.69093138144308
27211	1.69739861141352
27212	1.64818611069131
27213	1.64818611069131
27214	1.61023085434135
27215	1.55675934669853
27216	1.55675934669853
27217	1.57106335413482
27218	1.57106335413482
27219	1.67223155765896
27221	1.67223155765896
27222	1.66134517790852
27227	1.66134517790852
27228	1.71936740673846
27229	1.71936740673846
27230	1.65468672244606
27231	1.74106056836536
27232	1.73578584634379
27234	1.73578584634379
27235	1.74305126051695
27238	1.74305126051695
27239	1.71558530922994
27242	1.71558530922994
27243	1.70421281446397
27244	1.65752769117171
27245	1.65752769117171
27246	1.69477465137243
27248	1.69477465137243
27249	1.66419437174773
27250	1.7096430285128
27251	1.7096430285128
27252	1.60993842299649
27253	1.55428459763425
27258	1.55428459763425
27259	1.5680434920323
27260	1.59206855197772
27262	1.59206855197772
27263	1.62361410129233
27264	1.64281015039887
27265	1.64281015039887
27266	1.60416727353368
27269	1.60416727353368
27270	1.60563567373538
27271	1.65543559775688
27275	1.65543559775688
27276	1.60426995086891
27278	1.60426995086891
27279	1.56652196976211
27280	1.56652196976211
27281	1.6225249690724
27282	1.58789502046784
27283	1.59417278927867
27284	1.59417278927867
27285	1.56481444884776
27286	1.60216486695208
27289	1.60216486695208
27290	1.53216613519908
27291	1.53216613519908
27292	1.53128157325409
27293	1.54606273962054
27294	1.58638430549036
27295	1.59457699113409
27296	1.5316520306078
27299	1.5316520306078
27300	1.47786080234073
27301	1.52552507302244
27302	1.53929985516879
27303	1.53929985516879
27304	1.57468774827066
27305	1.47644179126291
27306	1.52293666226979
27307	1.47158638244582
27308	1.49317089247779
27309	1.48520628370898
27310	1.43864815346387
27311	1.4595620004402
27312	1.48766853107009
27315	1.48766853107009
27316	1.40653013904739
27317	1.40653013904739
27318	1.31948261248908
27319	1.38615651328655
27320	1.38615651328655
27321	1.41574356501224
27322	1.42299312811156
27323	1.37758812448374
27324	1.40732034040775
27325	1.39635576261571
27326	1.43720696728997
27327	1.45876555540599
27328	1.45876555540599
27329	1.45507568248286
27333	1.45545104939083
27334	1.42504906270915
27336	1.42504906270915
27337	1.41901472020982
27338	1.41901472020982
27339	1.41991690823488
27340	1.41991690823488
27341	1.3729546434115
27342	1.4026606034713
27343	1.34294990095441
27345	1.34294990095441
27346	1.37236819501049
27347	1.37236819501049
27348	1.3943471589082
27349	1.39900175100775
27350	1.42309227988517
27351	1.42309227988517
27352	1.62832153853742
27356	1.62832153853742
27357	1.70360917445578
27358	1.6753124258139
27359	1.62800816100207
27362	1.62800816100207
27363	1.59669367520837
27364	1.52763360653626
27365	1.51865644337522
27370	1.51865644337522
27371	1.53978284487675
27373	1.53978284487675
27374	1.54204609064618
27375	1.5178780551214
27376	1.5178780551214
27377	1.52745021630471
27378	1.599907789594
27379	1.57759316113516
27380	1.57073435733764
27381	1.58182924200082
27382	1.57034665286847
27383	1.63141336812987
27386	1.63141336812987
27387	1.54674818948843
27388	1.61837670573732
27389	1.61837670573732
27390	1.637369138949
27392	1.637369138949
27393	1.56623651240079
27394	1.56623651240079
27395	1.63089014427169
27396	1.60036009009127
27398	1.60036009009127
27399	1.58133821986485
27400	1.53103156060024
27402	1.53103156060024
27403	1.49802285863188
27404	1.49802285863188
27405	1.42769006484377
27406	1.45248289667506
27407	1.45248289667506
27408	1.49450281518511
27409	1.53511911359237
27410	1.55663351839758
27411	1.58457683546658
27412	1.58457683546658
27413	1.57222030292905
27414	1.61926151432999
27415	1.64478753484946
27416	1.64478753484946
27417	1.69077332998859
27418	1.7081876159391
27419	1.70418274277108
27420	1.72123937529614
27421	1.7944477194178
27423	1.7944477194178
27424	1.74170545267407
27426	1.74170545267407
27427	1.74425183089988
27428	1.74425183089988
27429	1.68199731236382
27431	1.68199731236382
27432	1.75851037718166
27433	1.75168929208667
27443	1.75168929208667
27444	1.76135858536509
27446	1.76135858536509
27447	1.75770944244141
27448	1.81356646418135
27452	1.81356646418135
27453	1.85343471844681
27454	1.85459635169536
27458	1.85459635169536
27459	1.88677444451241
27460	1.88677444451241
27461	1.90152038976521
27462	1.85219746474104
27463	1.86352155500936
27465	1.86352155500936
27466	1.88770077333902
27468	1.88770077333902
27469	1.85868317716086
27470	1.82208479455949
27473	1.82208479455949
27474	1.8320182879761
27475	1.8320182879761
27476	1.78583062514008
27477	1.85590934460924
27478	1.85590934460924
27479	1.88223738566012
27480	1.94402093176541
27481	1.90122133183468
27484	1.90122133183468
27485	1.94840638802634
27486	1.95131119317375
27487	1.95131119317375
27488	1.97148972692594
27489	1.97148972692594
27490	1.91475057888965
27492	1.91475057888965
27493	1.95400464295744
27494	1.91082423432817
27495	1.88459977713501
27496	1.88459977713501
27497	1.9184157303971
27499	1.9184157303971
27500	1.93193508234253
27501	1.88172156803921
27502	1.8165733216847
27503	1.8165733216847
27504	1.74792263078416
27505	1.78817957699721
27506	1.78817957699721
27507	1.83423785997002
27509	1.83423785997002
27510	1.79759835432924
27513	1.79759835432924
27514	1.82103857349284
27517	1.82103857349284
27518	1.82232722808476
27522	1.82232722808476
27523	1.87398505710371
27524	1.89678378275858
27525	1.91043886302214
27526	1.91043886302214
27527	1.8285390865567
27528	1.4079677266418
27529	1.43242406055651
27530	1.45790056799524
27531	1.52530729567661
27532	1.54340225662963
27533	1.5563820307907
27534	1.48015808204946
27535	1.49946471221847
27536	1.51662615552414
27537	1.62151849805377
27539	1.62177582160075
27541	1.62177582160075
27542	1.55472340325286
27543	1.55472340325286
27544	1.50564753479557
27545	1.49272791321346
27546	1.53377680431731
27548	1.53377680431731
27549	1.52559685605593
27550	1.56157160202201
27551	1.53830412128082
27553	1.53830412128082
27554	1.54950876943622
27555	1.61314290110749
27556	1.61314290110749
27557	1.61473184428178
27565	1.61473184428178
27566	1.64579331178174
27567	1.64579331178174
27568	1.66026833021897
27569	1.6193979243435
27570	1.64615780025633
27571	1.64615780025633
27572	1.67943771922728
27573	1.70453181569974
27574	1.70453181569974
27575	1.70521963953433
27576	1.70521963953433
27577	1.621376399562
27578	1.58167966999463
27581	1.58167966999463
27582	1.6138726540521
27583	1.62127316884653
27584	1.62127316884653
27585	1.61201119779435
27586	1.65438614575396
27587	1.68873234531202
27588	1.70367819887906
27589	1.70367819887906
27590	1.6657124549929
27592	1.6657124549929
27593	1.69518075803717
27594	1.69518075803717
27595	1.67921352306075
27597	1.67921352306075
27598	1.76543322663201
27599	1.81448528203327
27600	1.82045833830125
27601	1.8191802000365
27602	1.7692144335233
27603	1.53606390606728
27604	1.53606390606728
27605	1.62850975877518
27607	1.62850975877518
27608	1.57462696134826
27610	1.57462696134826
27611	1.58279601216054
27612	1.58279601216054
27613	1.53385249097119
27614	1.55990660985844
27615	1.64321275230395
27617	1.64321275230395
27618	1.59579542222855
27619	1.56515255848717
27621	1.56515255848717
27622	1.59954305949213
27623	1.55923503445956
27624	1.51665764528661
27625	1.50069225421612
27628	1.50069225421612
27629	1.50604022663902
27630	1.480378944525
27631	1.47602392826593
27633	1.47602392826593
27634	1.52758409601302
27635	1.43032308443435
27636	1.47850981168449
27637	1.52746860585466
27638	1.51629344714092
27639	1.5323556781841
27640	1.5323556781841
27641	1.54131902688823
27642	1.54131902688823
27643	1.56834881612667
27644	1.56834881612667
27645	1.63345084420507
27646	1.59964957561533
27647	1.50656188019275
27650	1.50656188019275
27651	1.52814870285874
27652	1.493814203699
27653	1.52012654318241
27654	1.52012654318241
27655	1.55278071712746
27656	1.55278071712746
27657	1.52165536088069
27658	1.52165536088069
27659	1.57191560966021
27660	1.57191560966021
27661	1.54942142217988
27662	1.56614653544966
27664	1.56614653544966
27665	1.54024517567814
27666	1.61937526640759
27667	1.67173217411255
27668	1.67173217411255
27669	1.63170302586514
27670	1.63170302586514
27671	1.55505864372026
27672	1.54222793626468
27675	1.54222793626468
27676	1.59464154182933
27677	1.59464154182933
27678	1.55229905465603
27681	1.55229905465603
27682	1.54453843416923
27685	1.54453843416923
27686	1.55609135557825
27687	1.55609135557825
27688	1.54186412697163
27689	1.56144438542833
27690	1.60989503293968
27691	1.64753487371127
27692	1.64753487371127
27693	1.70490636403338
27694	1.7701204531877
27695	1.70604625901615
27696	1.70604625901615
27697	1.64231417762494
27699	1.64231417762494
27700	1.64933252507035
27701	1.64933252507035
27702	1.63950324198595
27703	1.63950324198595
27704	1.66636551383272
27705	1.72536725135069
27706	1.72536725135069
27707	1.75717767604147
27708	1.75717767604147
27709	1.77075685131058
27710	1.73654341419024
27711	1.77970570127218
27712	1.78830701265179
27713	1.73368091951852
27714	1.73368091951852
27715	1.75152582823284
27716	1.67799591516814
27717	1.747024004595
27718	1.71988062958917
27722	1.71988062958917
27723	1.73337784646355
27726	1.73337784646355
27727	1.63821932924111
27728	1.69840140390079
27729	1.6076603727779
27730	1.61717594166475
27731	1.5907458427464
27732	1.57013892105169
27733	1.51508347299023
27734	1.50498799596244
27735	1.47252095902877
27736	1.47701351900832
27739	1.47701351900832
27740	1.50250037485603
27741	1.48739795407164
27742	1.53516141291766
27745	1.53516141291766
27746	1.5793688552767
27747	1.53916589302753
27748	1.53916589302753
27749	1.51114406739725
27750	1.4379849549623
27751	1.47013761392009
27752	1.5073256368014
27754	1.5073256368014
27755	1.58127309518022
27756	1.60353992617456
27757	1.62367592928422
27758	1.58230373210608
27760	1.58230373210608
27761	1.57667833681262
27762	1.57667833681262
27763	1.55957046672847
27765	1.55957046672847
27766	1.36318854569254
27767	1.30644482494245
27768	1.28170089806372
27769	1.30608000611392
27770	1.37952204644898
27771	1.42146621452775
27772	1.49378004812752
27773	1.57233273347083
27774	1.57233273347083
27775	1.53465949986639
27776	1.51737849443089
27777	1.51737849443089
27778	1.43027731774782
27779	1.43027731774782
27780	1.50755075265624
27781	1.50755075265624
27782	1.49837991879394
27783	1.53202147212505
27784	1.56276729472665
27785	1.5407785430034
27786	1.53971012019974
27787	1.54477680858326
27792	1.54477680858326
27793	1.55388512990248
27794	1.68662246886743
27795	1.62358367852357
27797	1.62358367852357
27798	1.63073008618449
27799	1.61355477976031
27800	1.59228659568907
27801	1.59228659568907
27802	1.5364312937927
27803	1.53856968948458
27806	1.53856968948458
27807	1.55841909326773
27808	1.55841909326773
27809	1.57316242365778
27810	1.57316242365778
27811	1.63027931742909
27812	1.61835913456162
27813	1.55665982381834
27814	1.55665982381834
27815	1.63961100490997
27816	1.63598019779965
27817	1.68548556447058
27818	1.6410016853697
27819	1.61841316876234
27820	1.66254797826696
27824	1.66254797826696
27825	1.72547019522244
27826	1.65311155466406
27827	1.65463191876188
27828	1.65463191876188
27829	1.6388410644031
27830	1.61713390802106
27832	1.61713390802106
27833	1.66179070974613
27834	1.66179070974613
27835	1.65128291010114
27836	1.63677797574201
27837	1.62745981381158
27838	1.62745981381158
27839	1.56128472280398
27840	1.56525780690572
27841	1.56831829486327
27842	1.64980558404204
27846	1.64980558404204
27847	1.65241117166806
27848	1.65241117166806
27849	1.60510086295835
27850	1.68605589361687
27851	1.68605589361687
27852	1.71844916959162
27853	1.71121828917967
27854	1.71334357481828
27855	1.71334357481828
27856	1.66012758356374
27857	1.66012758356374
27858	1.69826347673006
27859	1.58636387198203
27860	1.58636387198203
27861	1.57146315191858
27862	1.55282912948314
27863	1.54834528361971
27864	1.57384546368849
27865	1.57384546368849
27866	1.51628966885619
27867	1.48692067607044
27869	1.48692067607044
27870	1.50735531052123
27871	1.48651232271004
27874	1.48651232271004
27875	1.52371544211564
27876	1.57923185270556
27877	1.56134726358505
27878	1.61501453243181
27879	1.67697975838018
27880	1.67861627815
27881	1.71029345893839
27882	1.72013276458893
27883	1.64973026280131
27884	1.59974654807593
27885	1.66825439920285
27886	1.6310107025929
27887	1.64163409334651
27888	1.643728479532
27889	1.68305120693185
27890	1.69215905203237
27891	1.69215905203237
27892	1.716314141162
27893	1.716314141162
27894	1.68806473571021
27895	1.74842985142823
27896	1.74300340209811
27897	1.76383959464147
27901	1.76383959464147
27902	1.77198048060018
27903	1.76066194515806
27904	1.73938730489681
27907	1.73938730489681
27908	1.73462953896524
27909	1.73462953896524
27910	1.7328299339606
27911	1.67426468202393
27912	1.67426468202393
27913	1.68760635761646
27914	1.66467942123563
27915	1.61397907541323
27916	1.58345560844464
27917	1.64092350751525
27918	1.68388541262539
27919	1.68730833746304
27921	1.68730833746304
27922	1.78262614941923
27923	1.78262614941923
27924	1.81862061621723
27925	1.80402058372783
27926	1.77365812069547
27928	1.77365812069547
27929	1.71719574707458
27930	1.71719574707458
27931	1.73095854140411
27932	1.71347805271216
27933	1.73957754130242
27934	1.76212843599205
27935	1.66435330413151
27936	1.65127748577652
27937	1.67250151411281
27938	1.67250151411281
27939	1.68787955852895
27940	1.6619297174766
27941	1.66350547424736
27942	1.66350547424736
27943	1.65234409822733
27944	1.67000635310251
27945	1.76593917910941
27946	1.79300262909965
27947	1.79300262909965
27948	1.77099084085785
27949	1.64063688489477
27950	1.64063688489477
27951	1.683199912688
27952	1.6841454395726
27953	1.70910592356813
27956	1.70910592356813
27957	1.69406883436022
27958	1.69406883436022
27959	1.66102834388948
27960	1.67736750661788
27961	1.7204268379428
27962	1.6463528222157
27964	1.6463528222157
27965	1.66266172154064
27966	1.63333169588441
27967	1.58569088430886
27968	1.58637266231381
27969	1.67883884303956
27970	1.65796154064083
27971	1.65796154064083
27972	1.66587950893881
27973	1.68918859046244
27974	1.65467360111506
27975	1.69104709708699
27976	1.64416795635043
27977	1.59093295021739
27978	1.50521215025947
27979	1.48549032392839
27980	1.52366361388704
27981	1.48764413253593
27983	1.4874242320293
27984	1.50140422629556
27985	1.50140422629556
27986	1.50796939001157
27987	1.52369290827482
27988	1.52369290827482
27989	1.57602000988845
27990	1.52885127341506
27991	1.53959680662592
27992	1.5004651975687
27995	1.5004651975687
27996	1.16055966501517
27997	1.21536160234609
27998	1.20206816263453
27999	1.17520600259741
28001	1.17520600259741
28002	1.16643716908584
28003	1.18622653890998
28004	1.23604649163462
28005	1.16139642529743
28006	1.2216534736217
28007	1.25449799273338
28008	1.23950652045824
28009	1.23950652045824
28010	1.25937745841657
28011	1.21028445022239
28012	1.25659888195514
28013	1.19546877195535
28015	1.19546877195535
28016	1.16965014079688
28017	1.16965014079688
28018	1.14275463298691
28019	1.14275463298691
28020	1.11821918669011
28021	1.11995029730679
28022	1.21441317269637
28023	1.22882621279496
28024	1.30667976751647
28025	1.31784102448364
28026	1.32423931104495
28027	1.32423931104495
28028	1.31718580332017
28029	1.35160676169835
28030	1.37687451541933
28031	1.35547518897511
28032	1.35547518897511
28033	1.37161075468612
28034	1.37228941659851
28035	1.37228941659851
28036	1.38184594756967
28037	1.38184594756967
28038	1.37122455616918
28039	1.37122455616918
28040	1.37616825721125
28041	1.32492275585901
28042	1.36157236410509
28043	1.36157236410509
28044	1.29387089304146
28045	1.29387089304146
28046	1.32252112504284
28047	1.32252112504284
28048	1.30707699980485
28050	1.30707699980485
28051	1.3221855779957
28052	1.32437283993931
28053	1.34124175168836
28054	1.41838345593351
28055	1.41838345593351
28056	1.37243408053109
28057	1.37243408053109
28058	1.33983532161074
28059	1.33983532161074
28060	1.37003255670425
28061	1.44008965138346
28063	1.44008965138346
28064	1.44380827090936
28066	1.44380827090936
28067	1.52243510294647
28068	1.52722246433768
28069	1.52950200228588
28071	1.52950200228588
28072	1.54985432686226
28073	1.50327638137605
28074	1.48445756904766
28075	1.4374961662179
28076	1.41271458374831
28077	1.45550947343872
28078	1.45550947343872
28079	1.53791495893165
28081	1.53791495893165
28082	1.53187573680407
28083	1.47829820915649
28084	1.47829820915649
28085	1.42710756113956
28086	1.42710756113956
28087	1.41812126435616
28088	1.38472858470413
28089	1.38472858470413
28090	1.43691058381955
28091	1.49621248584663
28092	1.49621248584663
28093	1.43684597358515
28094	1.36118200120109
28095	1.39681987676886
28096	1.39681987676886
28097	1.4505507513386
28098	1.40946861659904
28099	1.3905140145871
28100	1.3905140145871
28101	1.48999998437648
28102	1.48999998437648
28103	1.48216828867953
28105	1.48216828867953
28106	1.49055388660781
28107	1.4764997563434
28108	1.41983947237895
28109	1.46572953658324
28110	1.49776642417783
28111	1.54409350183414
28112	1.56114972480646
28113	1.49314727613091
28114	1.49314727613091
28115	1.48949422278383
28117	1.48949422278383
28118	1.49620070161109
28119	1.57130689330006
28120	1.54352137301976
28121	1.47378706084055
28126	1.47378706084055
28127	1.51791147219046
28128	1.55103750881608
28129	1.55103750881608
28130	1.53009564997774
28131	1.48689802796434
28132	1.48689802796434
28133	1.43988709805853
28134	1.46131564047391
28135	1.46131564047391
28136	1.42054094259584
28137	1.45131804877019
28140	1.45131804877019
28141	1.47357946271586
28142	1.47357946271586
28143	1.4685246352492
28144	1.47748333409618
28146	1.47748333409618
28147	1.47982366730139
28148	1.46870054000829
28149	1.47032778702851
28150	1.37142780993236
28151	1.39913749234984
28152	1.39913749234984
28153	1.37408230969231
28154	1.38439277603538
28155	1.45634408351179
28156	1.45634408351179
28157	1.43218985801286
28158	1.43218985801286
28159	1.43968039011088
28160	1.46033827474821
28161	1.46033827474821
28162	1.42384106390818
28163	1.41562405236982
28165	1.41562405236982
28166	1.46126252416434
28167	1.48369154655302
28169	1.48369154655302
28170	1.49316758627901
28171	1.53355052480401
28172	1.48336167945672
28173	1.52024640190211
28174	1.52024640190211
28175	1.60117592441748
28176	1.51294159068493
28177	1.56046548214363
28178	1.56046548214363
28179	1.61465739658524
28180	1.66472745074861
28181	1.67320276507598
28182	1.67320276507598
28183	1.63340597233037
28186	1.63340597233037
28187	1.57550600043396
28189	1.57550600043396
28190	1.6145091532635
28191	1.6145091532635
28192	1.51012536430426
28193	1.51012536430426
28194	1.46499062443763
28195	1.46499062443763
28196	1.52062848739661
28197	1.44700759427724
28198	1.48662856530063
28199	1.54747330861937
28200	1.55675934393366
28201	1.55675934393366
28202	1.53791504484252
28205	1.53791504484252
28206	1.42719430920988
28207	1.42719430920988
28208	1.44165371153213
28212	1.44165371153213
28213	1.50907260391978
28214	1.50907260391978
28215	1.47158292784297
28216	1.46088946958116
28217	1.47834361950663
28218	1.51915882773756
28219	1.55366183220031
28220	1.58160582544951
28221	1.58160582544951
28222	1.65211932504099
28223	1.65211932504099
28224	1.62653385993326
28225	1.59134504534813
28226	1.5680308877636
28227	1.5680308877636
28228	1.52913951055962
28229	1.48941009031114
28230	1.48941009031114
28231	1.45477867607042
28232	1.40738637203322
28233	1.40738637203322
28234	1.41917662665946
28237	1.41917662665946
28238	1.39788606024013
28239	1.39881539167982
28241	1.39881539167982
28242	1.30978320064241
28243	1.3800011780113
28244	1.33640869902229
28245	1.42819287098973
28246	1.41263760338188
28249	1.41263760338188
28250	1.48206061887686
28251	1.50760430568334
28252	1.47869297986472
28254	1.47869297986472
28255	1.45388714979708
28256	1.45388714979708
28257	1.41623269225602
28258	1.41623269225602
28259	1.42007016578282
28260	1.40588712065437
28261	1.34881342883091
28262	1.2775062107321
28263	1.2775062107321
28264	1.29210424723351
28265	1.24834939806897
28266	1.24707363299603
28267	1.25836199009427
28268	1.27358815860498
28272	1.27358815860498
28273	1.32618949623793
28274	1.32618949623793
28275	1.33088933047475
28276	1.32072062199222
28277	1.32072062199222
28278	1.26144430730346
28279	1.30579930305976
28282	1.30579930305976
28283	1.34389851687229
28284	1.37764874838831
28285	1.35100968464394
28286	1.41119220394103
28288	1.41119220394103
28289	1.3793234862278
28290	1.3793234862278
28291	1.37334684568486
28292	1.37334684568486
28293	1.37819345002936
28294	1.37819345002936
28295	1.42278954563517
28298	1.42278954563517
28299	1.34699365024426
28300	1.34699365024426
28301	1.3450181190492
28302	1.3814453791274
28303	1.29398554088766
28304	1.27703300511712
28305	1.30164886951025
28306	1.2850023788742
28310	1.2850023788742
28311	1.32777408008405
28312	1.20051291133132
28313	1.27684469208907
28316	1.27684469208907
28317	1.31940001175099
28320	1.31940001175099
28321	1.29664658413822
28322	1.29664658413822
28323	1.32248094195529
28324	1.32248094195529
28325	1.37603909261816
28326	1.46215310054686
28327	1.47735962876686
28328	1.54736438222972
28329	1.54736438222972
28330	1.57517646191627
28331	1.57517646191627
28332	1.58620496297226
28334	1.58620496297226
28335	1.61603377754
28337	1.61603377754
28338	1.57257986966579
28339	1.57257986966579
28340	1.50647438532542
28342	1.50647438532542
28343	1.52968670247719
28344	1.52968670247719
28345	1.48689983275108
28346	1.50631986930239
28347	1.49173816774783
28348	1.50511645424194
28349	1.44012283343545
28350	1.45502371019029
28351	1.48704988313693
28352	1.44534871295036
28353	1.46303465159144
28354	1.46303465159144
28355	1.4394869402422
28356	1.46318932356735
28357	1.55025082371503
28358	1.55025082371503
28359	1.61115257912024
28362	1.61115257912024
28363	1.68289012858804
28364	1.68289012858804
28365	1.66604078652381
28366	1.66818642515136
28368	1.66818642515136
28369	1.70215541041398
28370	1.69042766371422
28371	1.68231766799363
28375	1.68231766799363
28376	1.70454957157926
28377	1.70454957157926
28378	1.7252226075725
28379	1.73697407581858
28380	1.67363114400359
28381	1.64286565027942
28382	1.66601705140056
28383	1.66601705140056
28384	1.62698919317336
28385	1.63672638186108
28386	1.5363052601424
28387	1.57761075684539
28388	1.54835300671402
28389	1.58610956701887
28391	1.58610956701887
28392	1.6719543133695
28393	1.64024485168193
28394	1.64355799967962
28398	1.64355799967962
28399	1.59713237448159
28400	1.56983351405142
28401	1.56445646811699
28406	1.56445646811699
28407	1.56850542360917
28408	1.6048022326795
28412	1.6048022326795
28413	1.65010549584258
28416	1.65059464123988
28417	1.62597387922142
28418	1.72853671265693
28419	1.76224486000137
28420	1.73600302437626
28421	1.73600302437626
28422	1.77421105323447
28423	1.743523309593
28424	1.743523309593
28425	1.65938325937532
28426	1.60818849948555
28427	1.60818849948555
28428	1.65167026203562
28429	1.67071870914515
28430	1.67071870914515
28431	1.56618697733211
28433	1.56618697733211
28434	1.49146999288496
28436	1.49146999288496
28437	1.48130624816258
28443	1.48137107630464
28444	1.44322593777906
28445	1.42795421612027
28446	1.47904436802128
28447	1.50050559575902
28448	1.53434737685893
28451	1.53434737685893
28452	1.49775218469222
28453	1.49775218469222
28454	1.43622872027481
28457	1.43622872027481
28458	1.52807559857683
28459	1.54551646197069
28460	1.54551646197069
28461	1.50939354966977
28462	1.51138726549107
28463	1.54448550999223
28464	1.522041564338
28465	1.54952530167793
28466	1.53806021074706
28468	1.53806021074706
28469	1.60652483831655
28470	1.54823226731605
28471	1.57510928096963
28473	1.57510928096963
28474	1.53312027010543
28475	1.53312027010543
28476	1.5406018921858
28477	1.5406018921858
28478	1.5904127095564
28479	1.60420387202976
28480	1.58620787268956
28481	1.5552244422579
28483	1.5552244422579
28484	1.45935088477563
28485	1.52880193181045
28486	1.57572046470523
28489	1.57572046470523
28490	1.57659340197279
28491	1.59589727174534
28492	1.63548842331875
28496	1.63548842331875
28497	1.58134833286022
28498	1.58134833286022
28499	1.5999888367769
28500	1.62929241233724
28501	1.62929241233724
28502	1.5776827543632
28503	1.5776827543632
28504	1.56104612448689
28505	1.56104612448689
28506	1.60211086359777
28507	1.61724746342588
28508	1.64937675526016
28510	1.64937675526016
28511	1.64165008136115
28512	1.5454066717466
28514	1.5454066717466
28515	1.580455893818
28518	1.580455893818
28519	1.59704453319137
28520	1.65033235668307
28521	1.65033235668307
28522	1.65964987859115
28523	1.65373185634962
28524	1.67937958211405
28525	1.67937958211405
28526	1.73320605831395
28527	1.74938793579349
28528	1.74938793579349
28529	1.7170501818
28530	1.7170501818
28531	1.7037543905135
28532	1.70050891497522
28533	1.64215233943833
28536	1.64215233943833
28537	1.66611585821374
28538	1.66243931613644
28539	1.66243931613644
28540	1.69193097079187
28544	1.69193097079187
28545	1.68922883716004
28546	1.64134226243186
28547	1.67878302744066
28554	1.67878302744066
28555	1.70878311055276
28556	1.75757152229926
28557	1.75757152229926
28558	1.65514332367457
28559	1.61074615089456
28560	1.64688879283858
28561	1.66248937618002
28562	1.75574324185072
28564	1.75574324185072
28565	1.73529810280161
28566	1.73529810280161
28567	1.71910237822522
28572	1.71910237822522
28573	1.65296888560988
28575	1.65296888560988
28576	1.61417121619888
28577	1.6364270014783
28578	1.86849049584998
28579	1.86849049584998
28580	1.80663364065549
28581	1.76465533662849
28582	1.81598911917172
28583	1.81598911917172
28584	1.74661091693997
28585	1.68536168170976
28586	1.65500564324975
28587	1.61590186413741
28588	1.61590186413741
28589	1.70833795994622
28590	1.69160280795404
28591	1.6975711966079
28592	1.72342136785301
28593	1.72342136785301
28594	1.71028911141548
28595	1.73057562910981
28599	1.73057562910981
28600	1.77411962181213
28601	1.77411962181213
28602	1.77107770947623
28603	1.77107770947623
28604	1.74959860942545
28606	1.74959860942545
28607	1.75409293431585
28608	1.78082640375578
28609	1.77114790990527
28611	1.77114790990527
28612	1.79095339800188
28613	1.81921393656376
28614	1.81921393656376
28615	1.7670079709751
28616	1.7670079709751
28617	1.73232345727956
28618	1.73232345727956
28619	1.69812984195596
28620	1.69812984195596
28621	1.67171740448248
28622	1.70823401637608
28623	1.70823401637608
28624	1.73328813681655
28625	1.78536279729451
28627	1.78536279729451
28628	1.76885509043495
28629	1.78327334481219
28630	1.78978288364669
28631	1.78978288364669
28632	1.74340769484479
28633	1.74340769484479
28634	1.78485234731852
28635	1.77204950391388
28637	1.77204950391388
28638	1.77699411918729
28639	1.70198214979973
28641	1.70198214979973
28642	1.75280586976442
28643	1.75280586976442
28644	1.78781442854233
28645	1.78781442854233
28646	1.77045380969867
28647	1.76556334894485
28648	1.7780023926789
28649	1.7780023926789
28650	1.77058364064942
28651	1.77058364064942
28652	1.87967222775842
28653	1.91063666410264
28654	1.85431976186737
28655	1.83424264952555
28656	1.7733660517988
28657	1.7733660517988
28658	1.80343740569515
28665	1.80343740569515
28666	1.81439097463226
28667	1.81439097463226
28668	1.81082675290236
28669	1.81082675290236
28670	1.87851342490103
28671	1.8777368025294
28672	1.8777368025294
28673	1.86810630649416
28678	1.86810630649416
28679	1.87736066046637
28680	1.91507957638532
28681	1.93109918599657
28682	1.93109918599657
28683	1.89679029057152
28686	1.89679029057152
28687	1.883017154556
28688	1.90487158600445
28689	1.9131163903694
28693	1.9131163903694
28694	1.92453580104848
28695	1.88330139789105
28696	1.73286433445537
28697	1.7396509859791
28698	1.79065188407913
28699	1.75436483457452
28700	1.73203343472051
28701	1.74948672117534
28702	1.74948672117534
28703	1.74088983063848
28704	1.76119818081861
28705	1.76119818081861
28706	1.77887237226605
28707	1.77152124988788
28709	1.77123426731487
28710	1.78133794126552
28712	1.78133794126552
28713	1.74158657701264
28714	1.84520256637552
28715	1.84520256637552
28716	1.90910348975012
28717	1.90910348975012
28718	1.81634037135882
28719	1.77748422548393
28721	1.77748422548393
28722	1.75178744327059
28723	1.70492026356078
28725	1.70492026356078
28726	1.71791198242499
28727	1.75454712304781
28729	1.75454712304781
28730	1.72186111120755
28731	1.72186111120755
28732	1.75699872770565
28733	1.75699872770565
28734	1.72521899276398
28735	1.72521899276398
28736	1.792965265573
28737	1.74774935096139
28738	1.74774935096139
28739	1.80176724632474
28740	1.80176724632474
28741	1.78372530571505
28742	1.8708667704559
28743	1.85840128195559
28744	1.87175032305458
28746	1.87175032305458
28747	1.88787800571299
28748	1.86738939758652
28750	1.86738939758652
28751	1.8402470287765
28752	1.8402470287765
28753	1.80128084488751
28754	1.80128084488751
28755	1.82056118567198
28756	1.72847867685778
28757	1.66284763308067
28758	1.66284763308067
28759	1.59297949225947
28760	1.63248121912693
28762	1.63248121912693
28763	1.66234193775745
28764	1.65421137239173
28765	1.67973050555156
28767	1.67973050555156
28768	1.68890881737025
28769	1.73330961846295
28770	1.72646766547041
28771	1.69812108617771
28772	1.69812108617771
28773	1.65092074413769
28774	1.53740931072025
28775	1.55040223342803
28776	1.55040223342803
28777	1.58891681554087
28778	1.63355209774818
28779	1.57635977211976
28780	1.54259035918221
28781	1.5114455617877
28782	1.57063987674701
28783	1.56921682173925
28786	1.56921682173925
28787	1.54596550502174
28788	1.56975131487707
28792	1.56975131487707
28793	1.67267062947212
28795	1.67267062947212
28796	1.65716236396474
28798	1.65716236396474
28799	1.63567551914093
28800	1.63567551914093
28801	1.60237467023398
28802	1.6831465859068
28803	1.6831465859068
28804	1.69277060596869
28805	1.69277060596869
28806	1.59340573543159
28807	1.59340573543159
28808	1.62994616598007
28809	1.60885155207507
28811	1.60885155207507
28812	1.63936318420019
28813	1.57447689122273
28814	1.57447689122273
28815	1.5618002354131
28818	1.5618002354131
28819	1.5641773896532
28820	1.52212349412002
28821	1.57689619135272
28822	1.64267339481376
28823	1.57993395966332
28825	1.57993395966332
28826	1.56133682300424
28827	1.56133682300424
28828	1.5904828906132
28829	1.58640541206842
28830	1.60416884160804
28831	1.56073443993955
28832	1.60759412477637
28834	1.60759412477637
28835	1.60434324914604
28836	1.60434324914604
28837	1.6018913112166
28839	1.6018913112166
28840	1.64756332870456
28842	1.64756332870456
28843	1.70534564424452
28845	1.70534564424452
28846	1.6762748366782
28848	1.6762748366782
28849	1.65433526394918
28853	1.65433526394918
28854	1.6169313629216
28855	1.5951179261865
28856	1.54033526886269
28857	1.54033526886269
28858	1.50007872917922
28859	1.50300185782908
28860	1.50300185782908
28861	1.53106992561879
28862	1.53106992561879
28863	1.53810600677389
28864	1.53810600677389
28865	1.47514073485581
28866	1.43701445222177
28867	1.4591196640722
28868	1.4591196640722
28869	1.50748420180389
28873	1.50748420180389
28874	1.63654436152865
28875	1.63654436152865
28876	1.62961639962668
28877	1.62961639962668
28878	1.60909015668585
28882	1.60909015668585
28883	1.64490247165668
28884	1.65963342452596
28885	1.71542685365057
28886	1.63703183712641
28887	1.66111024704151
28888	1.62936477691619
28889	1.6581758636712
28890	1.58829251155839
28892	1.58829251155839
28893	1.59736214251825
28894	1.58316840479529
28895	1.58316840479529
28896	1.63406246723389
28897	1.66631098164362
28898	1.61081139112139
28899	1.60917243070071
28900	1.59750777545923
28901	1.50382927059763
28902	1.55277058804131
28905	1.55277058804131
28906	1.52689058714168
28907	1.53953418542005
28908	1.5574710241599
28909	1.53261711088635
28910	1.52946992399666
28911	1.52946992399666
28912	1.56022554337324
28913	1.57789970564772
28919	1.57789970564772
28920	1.58381194772664
28921	1.58381194772664
28922	1.62205315088067
28923	1.62154065433788
28924	1.62022904679179
28925	1.62022904679179
28926	1.63767735314104
28927	1.64230670835968
28928	1.64230670835968
28929	1.61935706609802
28932	1.61935706609802
28933	1.62537583835365
28934	1.62537583835365
28935	1.61673466219145
28937	1.61673466219145
28938	1.57061435734795
28939	1.57061435734795
28940	1.64177096349886
28941	1.64873081931
28942	1.60892179712755
28943	1.60892179712755
28944	1.52401432131592
28945	1.52401432131592
28946	1.50956680766103
28947	1.4939179836183
28948	1.4939179836183
28949	1.48540688735011
28950	1.41207544438657
28951	1.41207544438657
28952	1.43020727893963
28953	1.47606412170353
28954	1.46095140646867
28955	1.50674181548675
28956	1.40809005234041
28957	1.41863556930184
28958	1.40386445946933
28959	1.41615212121906
28960	1.38048777719814
28961	1.37585468623365
28962	1.37585468623365
28963	1.45037513130592
28964	1.40767893865632
28965	1.47654089008574
28966	1.54116844318196
28967	1.56920210030876
28968	1.47127829419333
28969	1.45569824839185
28970	1.40750223144641
28971	1.37349570699735
28973	1.37349570699735
28974	1.40211419313346
28975	1.43366957389298
28976	1.43366957389298
28977	1.36341186150821
28978	1.38890627711953
28979	1.48261396441012
28980	1.48261396441012
28981	1.45478000153525
28982	1.43826950162111
28984	1.43826950162111
28985	1.45530664365288
28986	1.45530664365288
28987	1.48166888383275
28988	1.4875124647333
28989	1.4875124647333
28990	1.47268600497409
28991	1.41232175672849
28992	1.42209783682119
28993	1.35084171106428
28994	1.40468906910974
28995	1.43132216918821
28999	1.43132216918821
29000	1.45980751097159
29001	1.42772236741075
29003	1.42772236741075
29004	1.4509622148762
29005	1.4509622148762
29006	1.50143723934161
29007	1.49235210574261
29008	1.49163538142238
29009	1.48235564703282
29010	1.50407595596698
29011	1.50102309350041
29012	1.4666524779168
29013	1.66116855421569
29017	1.66087205088115
29018	1.65369085958446
29019	1.65265597631878
29022	1.65265597631878
29023	1.59735488115621
29024	1.53267126684295
29025	1.49945163744997
29026	1.48588170834773
29030	1.48588170834773
29031	1.76920841324318
29033	1.76920841324318
29034	1.71857963147704
29035	1.76347387511487
29036	1.71227105447178
29037	1.67258690845119
29038	1.74350690748179
29041	1.74350690748179
29042	1.73215534634801
29043	1.69732793734147
29044	1.71538528088422
29045	1.67848744588264
29046	1.6605713642748
29047	1.68134046999694
29048	1.68134046999694
29049	1.66083891502058
29050	1.71025087204907
29051	1.71025087204907
29052	1.71974669708652
29053	1.77094800187479
29054	1.7904116331847
29055	1.7904116331847
29056	1.68032607762507
29057	1.73923846863181
29058	1.7122128392075
29059	1.7122128392075
29060	1.64200795725264
29061	1.64200795725264
29062	1.65464772471751
29063	1.67843464975158
29065	1.67843464975158
29066	1.63363708898032
29067	1.70522311127934
29069	1.70522311127934
29070	1.70069289372623
29071	1.70069289372623
29072	1.73412463666682
29074	1.73412463666682
29075	1.71678947244436
29077	1.71678947244436
29078	1.65984745253809
29079	1.65984745253809
29080	1.63399697787463
29083	1.63399697787463
29084	1.7205925253802
29086	1.7205925253802
29087	1.75650465547733
29090	1.75650465547733
29091	1.71351752944247
29092	1.69922104291254
29093	1.69922104291254
29094	1.64613209714298
29095	1.65354015443154
29096	1.6726233922418
29097	1.71405489447352
29101	1.71405489447352
29102	1.74651637137504
29103	1.74651637137504
29104	1.72922549408031
29105	1.64471634904476
29106	1.65732871582077
29107	1.62122926576558
29108	1.60505359960734
29109	1.60505359960734
29110	1.57099004770862
29113	1.57099004770862
29114	1.5560723353301
29116	1.5560723353301
29117	1.53106727994964
29120	1.53106727994964
29121	1.48790293020647
29122	1.50417929787363
29123	1.51407366496642
29124	1.54731382477985
29125	1.60445910218914
29126	1.60445910218914
29127	1.63597137123361
29128	1.63597137123361
29129	1.64377061157575
29130	1.58925348781486
29132	1.58925348781486
29133	1.57750903610213
29134	1.57750903610213
29135	1.59583523386027
29136	1.59583523386027
29137	1.5288314504578
29138	1.55146062920539
29139	1.55146062920539
29140	1.5371448788319
29141	1.44682781961819
29142	1.44682781961819
29143	1.40861828333072
29144	1.40861828333072
29145	1.39558884411963
29147	1.39558884411963
29148	1.35863919041731
29149	1.35863919041731
29150	1.35558483650675
29151	1.34708577216588
29152	1.33461156004705
29153	1.35630550242422
29154	1.3206478311622
29155	1.3206478311622
29156	1.36016778409248
29157	1.25972380099483
29158	1.24651646428174
29160	1.24651646428174
29161	1.26365872122187
29162	1.26365872122187
29163	1.20711119039333
29165	1.20711119039333
29166	1.21724795394039
29167	1.28795870796966
29168	1.6899204281799
29169	1.6899204281799
29170	1.69960830284253
29172	1.69960830284253
29173	1.7411703948419
29174	1.7802217211829
29175	1.7802217211829
29176	1.76063581672133
29178	1.76063581672133
29179	1.72863964156568
29180	1.71940077699765
29181	1.62168689884493
29182	1.62168689884493
29183	1.64276059158146
29184	1.59803783673124
29185	1.5821558306925
29186	1.57366812647888
29192	1.57366812647888
29193	1.48626521478946
29196	1.48626521478946
29197	1.48411452413347
29198	1.47905922113569
29199	1.47905922113569
29200	1.49486201135005
29201	1.49486201135005
29202	1.50067215548188
29208	1.50067215548188
29209	1.47459981782595
29210	1.46515621271101
29216	1.46515621271101
29217	1.48932296534258
29219	1.48932296534258
29220	1.45521770761115
29221	1.49627084334861
29222	1.45556133082209
29229	1.45556133082209
29230	1.47285852753703
29231	1.47285852753703
29232	1.49552769337242
29233	1.49552769337242
29234	1.47931106942997
29237	1.47931106942997
29238	1.50510522606055
29240	1.50510522606055
29241	1.46705093754281
29242	1.40896557305314
29243	1.46650014034094
29244	1.46650014034094
29245	1.42592901263197
29250	1.42592901263197
29251	1.41661083359213
29259	1.41661083359213
29260	1.44483080415012
29261	1.3581759438166
29262	1.44340877205832
29263	1.44340877205832
29264	1.41628002081779
29265	1.42544633249781
29266	1.42168012828915
29267	1.43594197106358
29270	1.43594197106358
29271	1.48362155051655
29274	1.48362155051655
29275	1.40966657723766
29276	1.40966657723766
29277	1.44666005012914
29278	1.41590461254964
29279	1.47966214267217
29281	1.47966214267217
29282	1.43015809413555
29283	1.52844904339145
29284	1.51289971065853
29285	1.51289971065853
29286	1.47521144444181
29288	1.47521144444181
29289	1.47905324904423
29290	1.47905324904423
29291	1.51655615720301
29292	1.58270480095962
29293	1.52411387760731
29294	1.52789458305779
29295	1.54283603276781
29296	1.52426002445281
29297	1.5196058078036
29298	1.58110861622845
29300	1.58110861622845
29301	1.56810993702675
29303	1.56810993702675
29304	1.6018021363052
29305	1.56336923840718
29306	1.56040592218051
29307	1.47195670700967
29308	1.54425063460803
29316	1.54425063460803
29317	1.4949318607396
29318	1.4561088129667
29319	1.4561088129667
29320	1.4703427525892
29321	1.55392661253791
29323	1.55392661253791
29324	1.60959351795464
29325	1.5951630975178
29335	1.5951630975178
29336	1.59639037048692
29337	1.61583920477642
29340	1.61583920477642
29341	1.64401597308824
29342	1.59721446321055
29346	1.59721446321055
29347	1.63662015291993
29348	1.63662015291993
29349	1.6539295349321
29351	1.6539295349321
29352	1.67122031096369
29355	1.67122031096369
29356	1.66676138098774
29357	1.67084612596591
29358	1.61494450344981
29361	1.61494450344981
29362	1.64053530959791
29363	1.63954949403342
29364	1.70275823010888
29372	1.70275823010888
29373	1.6740591799462
29374	1.790783500408
29375	1.790783500408
29376	1.64121304394212
29378	1.64121304394212
29379	1.67064193349142
29380	1.70712957438082
29381	1.70712957438082
29382	1.64226503197642
29383	1.64226503197642
29384	1.73016901496158
29385	1.64421198186028
29388	1.64421198186028
29389	1.6144722393401
29390	1.60361270697103
29392	1.60361270697103
29393	1.67815017139219
29403	1.67815017139219
29404	1.70824603358415
29408	1.70824603358415
29409	1.69068387726293
29410	1.66689337201024
29412	1.66689337201024
29413	1.66121236436084
29419	1.66121236436084
29420	1.62035934679807
29422	1.62035934679807
29423	1.61943805441115
29424	1.65478249499211
29429	1.65478249499211
29430	1.5933271720387
29440	1.5933271720387
29441	1.66302663471652
29448	1.66302663471652
29449	1.61617278452104
29450	1.61617278452104
29451	1.66632673035565
29452	1.66632673035565
29453	1.60362940710183
29454	1.60362940710183
29455	1.58100364490383
29461	1.58100364490383
29462	1.59511920488512
29463	1.4971231349773
29464	1.52492782313857
29465	1.52492782313857
29466	1.52011108027727
29467	1.49242534708173
29468	1.49242534708173
29469	1.49414934146989
29470	1.4979665509818
29478	1.4979665509818
29479	1.49375237496497
29482	1.49375237496497
29483	1.50516640397473
29485	1.50516640397473
29486	1.4815173438983
29487	1.49700982715876
29488	1.44679958074266
29489	1.44679958074266
29490	1.47327597920957
29493	1.47327597920957
29494	1.46832975260259
29498	1.46832975260259
29499	1.44976381549714
29500	1.44976381549714
29501	1.39020173841345
29502	1.39827973248975
29503	1.39827973248975
29504	1.40184166319887
29506	1.40184166319887
29507	1.42195077853467
29508	1.42195077853467
29509	1.49216829446596
29513	1.49216829446596
29514	1.48415468557869
29523	1.48415468557869
29524	1.49735558685643
29528	1.49735558685643
29529	1.37300008686361
29530	1.39992661770157
29531	1.39992661770157
29532	1.43778107938488
29534	1.41906367590491
29535	1.46044024773073
29536	1.47675810748115
29539	1.47675810748115
29540	1.48222325581446
29541	1.48405105931306
29542	1.49310205371876
29543	1.49310205371876
29544	1.53976835511639
29548	1.53976835511639
29549	1.53833317597309
29551	1.53833317597309
29552	1.53479371681897
29553	1.48011100154326
29554	1.48671881915652
29556	1.48671881915652
29557	1.5999213650357
29559	1.5999213650357
29560	1.57129431312205
29561	1.57129431312205
29562	1.60801592285134
29563	1.60801592285134
29564	1.56634295641561
29565	1.56634295641561
29566	1.61836088092969
29567	1.61061620543114
29568	1.62675530212073
29569	1.59819883700402
29570	1.62463877827759
29571	1.61534144629331
29575	1.61534144629331
29576	1.63783596626308
29577	1.60276669936138
29578	1.5695585744761
29580	1.5695585744761
29581	1.58322509088612
29583	1.58322509088612
29584	1.50402125714027
29585	1.59180326146088
29586	1.59180326146088
29587	1.51356069902613
29588	1.56436816664791
29591	1.56436816664791
29592	1.54462973581758
29593	1.54462973581758
29594	1.55340582727149
29595	1.55340582727149
29596	1.59718533260093
29597	1.69812890081448
29598	1.69812890081448
29599	1.64324641064741
29606	1.64324641064741
29607	1.53788027140763
29610	1.53788027140763
29611	1.51870487191627
29612	1.51870487191627
29613	1.53352649170483
29614	1.58719722940805
29618	1.58719722940805
29619	1.5594977221117
29620	1.56113868240209
29623	1.56113868240209
29624	1.55797143074597
29625	1.62583098098912
29626	1.62583098098912
29627	1.60405836273276
29628	1.60128708829143
29632	1.60128708829143
29633	1.52948270976049
29637	1.52948270976049
29638	1.48618891499063
29643	1.48618891499063
29644	1.48560249133152
29645	1.48560249133152
29646	1.5266392650592
29649	1.5266392650592
29650	1.49774797615828
29652	1.49774797615828
29653	1.49836902702373
29654	1.49836902702373
29655	1.59313919458509
29657	1.51402833966858
29658	1.51402833966858
29659	1.46701209535968
29662	1.46701209535968
29663	1.47254782008531
29665	1.47254782008531
29666	1.4218150030938
29667	1.49207175971969
29668	1.45803859148873
29669	1.4052876175956
29670	1.4518351751467
29671	1.49244129637736
29678	1.49244129637736
29679	1.53101409385999
29680	1.46641868384904
29681	1.46641868384904
29682	1.43651540958308
29683	1.41927503867191
29684	1.47119259577448
29687	1.47119259577448
29688	1.43475917696196
29689	1.43475917696196
29690	1.43799752758787
29691	1.43799752758787
29692	1.37902763414604
29693	1.47871504324939
29694	1.54871519820881
29695	1.5478158879414
29696	1.5478158879414
29697	1.54297826574475
29698	1.61198371904175
29701	1.61198371904175
29702	1.55566031518174
29705	1.55566031518174
29706	1.51075040904834
29707	1.51075040904834
29708	1.47897258980083
29709	1.50933725692084
29711	1.50933725692084
29712	1.49005775006299
29714	1.49005775006299
29715	1.51835743924676
29716	1.52873559923682
29717	1.55393126923445
29718	1.55393126923445
29719	1.53271954235242
29722	1.53271954235242
29723	1.52961206622058
29726	1.52961206622058
29727	1.60154253487417
29728	1.60154253487417
29729	1.57956412466956
29730	1.54744035520343
29731	1.62559060046988
29732	1.65010955644539
29734	1.65010955644539
29735	1.62305881399152
29736	1.68175345205236
29737	1.70074534930973
29738	1.68308665214863
29739	1.71873613030402
29740	1.66463037016365
29741	1.66463037016365
29742	1.6640013357428
29744	1.6640013357428
29745	1.71850717205962
29746	1.64842348322054
29747	1.61137004740158
29748	1.62834360704801
29749	1.62834360704801
29750	1.6559288490389
29751	1.66154021638431
29752	1.62484120128283
29753	1.62361166011397
29754	1.6254376422803
29755	1.63257904734201
29756	1.63257904734201
29757	1.5673257089511
29758	1.55239144948064
29759	1.5572096314354
29760	1.59343825402175
29761	1.55338562985344
29762	1.55338562985344
29763	1.5574265383475
29764	1.5574265383475
29765	1.58017296413163
29766	1.63048623998475
29767	1.63048623998475
29768	1.67531396857157
29769	1.62045176045649
29770	1.62045176045649
29771	1.6629393299736
29773	1.6629393299736
29774	1.59908731627729
29775	1.6771499912029
29776	1.63061900520916
29777	1.63061900520916
29778	1.59977758045716
29779	1.58595222742224
29780	1.58718557642351
29781	1.23844810660012
29782	1.36935388883649
29783	1.35684001552727
29785	1.35684001552727
29786	1.44367542855616
29788	1.44367542855616
29789	1.36948565228886
29790	1.36948565228886
29791	1.34225561037238
29792	1.38459271391184
29793	1.48026244522771
29794	1.49297926183863
29795	1.46541584180886
29796	1.41063607923206
29797	1.41063607923206
29798	1.43675114840516
29799	1.43946356465676
29802	1.43946356465676
29803	1.45030211696212
29804	1.40201653588156
29805	1.38045691872685
29807	1.38045691872685
29808	1.41245465420798
29809	1.44298508185238
29810	1.44298508185238
29811	1.42964474692417
29812	1.36511470624828
29813	1.37508276393419
29814	1.48069424013738
29815	1.47902496841562
29816	1.47902496841562
29817	1.53750889913135
29818	1.55084680345317
29820	1.55084680345317
29821	1.47290044248439
29822	1.52636623737999
29823	1.5466108976434
29824	1.61285987960218
29825	1.64622911291372
29826	1.46668668060374
29827	1.50181358175178
29828	1.47147413413404
29829	1.47147413413404
29830	1.46920897235032
29831	1.40900980395963
29832	1.37696528221568
29833	1.3341491895917
29834	1.28847486709128
29836	1.28847486709128
29837	1.26317984213529
29838	1.26317984213529
29839	1.27513158694273
29841	1.27513158694273
29842	1.24990216126389
29843	1.24990216126389
29844	1.30179280037919
29845	1.35903758444692
29846	1.33059578393295
29847	1.3312826399233
29848	1.31505324858881
29850	1.31505324858881
29851	1.35562713743639
29852	1.37267310746029
29853	1.41122558364805
29854	1.41122558364805
29855	1.37702786287991
29856	1.37702786287991
29857	1.36351892569655
29858	1.35510441174847
29859	1.35715770705428
29865	1.35715770705428
29866	1.41429881287695
29868	1.41429881287695
29869	1.36055024544476
29870	1.31013375220209
29871	1.32808449909498
29872	1.32808449909498
29873	1.32417467999039
29874	1.32344490889591
29875	1.32344490889591
29876	1.29975852106145
29877	1.32689292421128
29878	1.26776919853
29879	1.31453958155544
29880	1.29046389239738
29881	1.33452414025669
29887	1.33452414025669
29888	1.34374974632738
29890	1.34374974632738
29891	1.33188973654978
29892	1.33188973654978
29893	1.36527574104548
29894	1.36203590379228
29895	1.36203590379228
29896	1.34531672981029
29897	1.31762911146143
29898	1.23882180389046
29899	1.14737857018554
29900	1.15158794435411
29901	1.15309432888171
29902	1.15309432888171
29903	1.18663848941287
29904	1.2023543180876
29905	1.1754118722165
29906	1.1754118722165
29907	1.1946663900635
29908	1.16680386460212
29909	1.16549978282637
29911	1.16549978282637
29912	1.18701192557637
29914	1.18701192557637
29915	1.18091260597066
29916	1.28262777527198
29917	1.29486114910105
29918	1.30846212638426
29919	1.29405615091309
29920	1.2482319510309
29924	1.2482319510309
29925	1.19622876018184
29926	1.19622876018184
29927	1.24470530657345
29932	1.24470530657345
29933	1.20980443584267
29934	1.23477554680721
29936	1.23477554680721
29937	1.25657068626606
29938	1.26766403663351
29939	1.24131829289763
29940	1.28808689858124
29941	1.20700645354736
29943	1.20700645354736
29944	1.23332717425365
29945	1.23916184713016
29946	1.23916184713016
29947	1.28610280600697
29949	1.28610280600697
29950	1.23004156431853
29951	1.23004156431853
29952	1.24983021045773
29953	1.24983021045773
29954	1.30701686541943
29955	1.31408029031081
29956	1.31408029031081
29957	1.25379640690153
29959	1.25379640690153
29960	1.24122104167327
29961	1.27157660006196
29962	1.27157660006196
29963	1.31801442307187
29964	1.2154039064626
29965	1.23820410033295
29967	1.23820410033295
29968	1.14980590414416
29969	1.12119347007319
29970	1.11861125003634
29971	1.0864042767098
29972	1.08310414466177
29973	1.08310414466177
29974	1.15794110159914
29975	1.21515024919063
29976	1.22932153127476
29977	1.22932153127476
29978	1.29053308834409
29979	1.29053308834409
29980	1.30717494957935
29981	1.30717494957935
29982	1.31744528761919
29983	1.31744528761919
29984	1.36017127556261
29985	1.36017127556261
29986	1.4827598696902
29988	1.4827598696902
29989	1.43122595767272
29990	1.45599252423199
29991	1.44846386805875
29992	1.45236991878119
29995	1.45236991878119
29996	1.45733020424814
29997	1.41755051144355
29998	1.43066088436171
30000	1.43066088436171
